"Source";"Target";"Weight"
"A1101";"A1201";0.5
"A1101";"A1202";0.5
"A1101";"A1203";0.5
"A1101";"A1205";0.5
"A1101";"A1302";0.5
"A1101";"A1405";0.5
"A1101";"A1414";0.5
"A1101";"A1416";0.9
"A1101";"D1402";0.5
"A1101";"F1302";0.5
"A1101";"I1603";0.5
"A1101";"K2111";0.5
"A1101";"N1104";0.5
"A1101";"N4101";0.5
"A1201";"A1101";0.5
"A1201";"A1203";0.5
"A1201";"A1205";0.5
"A1201";"A1405";0.5
"A1201";"A1414";0.5
"A1201";"F1702";0.5
"A1201";"F1705";0.5
"A1202";"A1203";0.9
"A1202";"A1204";0.5
"A1202";"K2303";0.5
"A1203";"A1202";0.9
"A1203";"A1205";0.5
"A1203";"A1302";0.5
"A1203";"A1405";0.9
"A1203";"A1414";0.9
"A1203";"D1209";0.5
"A1203";"K2111";0.5
"A1204";"A1205";0.5
"A1204";"A1302";0.5
"A1204";"A1404";0.5
"A1204";"G1202";0.9
"A1204";"K1707";0.9
"A1205";"A1101";0.9
"A1205";"A1201";0.9
"A1205";"A1203";0.5
"A1205";"A1301";0.5
"A1205";"A1302";0.5
"A1205";"A1405";0.5
"A1205";"A1414";0.5
"A1205";"A1416";0.5
"A1301";"A1303";0.5
"A1301";"H1206";0.5
"A1301";"K1802";0.5
"A1301";"K2402";0.5
"A1302";"A1203";0.5
"A1302";"A1205";0.5
"A1302";"A1301";0.5
"A1302";"A1405";0.5
"A1302";"A1414";0.5
"A1302";"A1416";0.5
"A1302";"H1503";0.5
"A1303";"H1206";0.5
"A1303";"H1501";0.5
"A1303";"K2402";0.5
"A1401";"A1402";0.9
"A1401";"A1414";0.5
"A1401";"A1416";0.5
"A1401";"H3302";0.9
"A1401";"N1105";0.9
"A1402";"A1401";0.9
"A1402";"A1414";0.5
"A1402";"A1416";0.5
"A1402";"H3302";0.9
"A1402";"N1105";0.9
"A1403";"A1407";0.5
"A1403";"A1408";0.5
"A1403";"A1409";0.5
"A1403";"A1410";0.5
"A1403";"A1411";0.5
"A1403";"A1501";0.5
"A1403";"A1503";0.5
"A1404";"A1301";0.5
"A1404";"A1302";0.5
"A1404";"A1415";0.9
"A1404";"D1402";0.5
"A1405";"A1413";0.5
"A1405";"A1413";0.5
"A1405";"A1414";0.9
"A1405";"D1209";0.5
"A1406";"N3101";0.9
"A1406";"N3103";0.9
"A1407";"A1101";0.5
"A1407";"A1301";0.5
"A1407";"A1302";0.5
"A1407";"A1410";0.9
"A1407";"A1411";0.9
"A1407";"D1402";0.5
"A1407";"L1401";0.5
"A1408";"A1204";0.5
"A1408";"A1301";0.5
"A1408";"A1302";0.5
"A1408";"A1409";0.9
"A1408";"A1501";0.5
"A1408";"A1503";0.9
"A1408";"D1402";0.5
"A1409";"A1204";0.5
"A1409";"A1301";0.5
"A1409";"A1302";0.5
"A1409";"A1410";0.9
"A1409";"A1501";0.5
"A1409";"D1402";0.5
"A1410";"A1101";0.5
"A1410";"A1204";0.5
"A1410";"A1301";0.5
"A1410";"A1302";0.5
"A1410";"A1407";0.9
"A1410";"A1409";0.9
"A1410";"A1411";0.9
"A1410";"A1501";0.9
"A1410";"D1402";0.5
"A1411";"A1301";0.5
"A1411";"A1302";0.5
"A1411";"A1407";0.9
"A1411";"A1410";0.9
"A1411";"A1501";0.5
"A1411";"D1402";0.5
"A1412";"A1407";0.5
"A1412";"A1407";0.5
"A1412";"A1410";0.5
"A1412";"A1410";0.5
"A1412";"A1413";0.9
"A1412";"A1413";0.9
"A1412";"A1413";0.9
"A1412";"D1106";0.9
"A1412";"D1107";0.9
"A1412";"D1301";0.5
"A1412";"D1502";0.5
"A1412";"H2102";0.9
"A1413";"A1405";0.5
"A1413";"A1412";0.9
"A1413";"D1106";0.9
"A1413";"D1301";0.5
"A1413";"D1402";0.5
"A1413";"D1407";0.5
"A1413";"D1501";0.9
"A1413";"D1502";0.5
"A1413";"G1804";0.5
"A1413";"G1804";0.5
"A1413";"H1505";0.5
"A1413";"H2102";0.9
"A1413";"K2109";0.5
"A1414";"A1101";0.5
"A1414";"A1201";0.5
"A1414";"A1203";0.9
"A1414";"A1205";0.5
"A1414";"A1302";0.5
"A1414";"A1405";0.9
"A1414";"A1416";0.5
"A1414";"D1402";0.5
"A1415";"A1404";0.5
"A1415";"A1406";0.5
"A1415";"K2111";0.5
"A1415";"N3102";0.9
"A1415";"N3103";0.5
"A1416";"A1101";0.9
"A1416";"A1201";0.5
"A1416";"A1203";0.5
"A1416";"A1205";0.5
"A1416";"A1302";0.5
"A1416";"A1404";0.5
"A1416";"A1405";0.5
"A1416";"A1407";0.5
"A1416";"A1411";0.5
"A1416";"A1414";0.5
"A1416";"D1402";0.5
"A1417";"A1404";0.5
"A1501";"A1408";0.9
"A1501";"A1503";0.5
"A1501";"B1701";0.5
"A1501";"J1303";0.9
"A1501";"M1609";0.5
"A1502";"A1407";0.5
"A1502";"A1501";0.5
"A1502";"B1601";0.9
"A1502";"K2111";0.5
"A1503";"A1408";0.9
"A1503";"A1501";0.5
"A1503";"D1210";0.9
"A1503";"D1301";0.5
"A1503";"D1402";0.5
"A1503";"D1503";0.5
"A1503";"D1507";0.9
"A1503";"J1303";0.5
"A1503";"K2111";0.5
"A1504";"D1406";0.5
"A1504";"K1402";0.5
"A1504";"K2108";0.9
"A1504";"K2402";0.9
"A1504";"M1703";0.9
"A1504";"M1707";0.5
"B1101";"B1201";0.9
"B1101";"B1303";0.9
"B1101";"B1601";0.9
"B1101";"B1602";0.9
"B1101";"B1603";0.9
"B1101";"B1701";0.5
"B1101";"B1805";0.5
"B1101";"D1201";0.5
"B1101";"E1201";0.5
"B1101";"E1205";0.9
"B1101";"F1612";0.9
"B1101";"G1202";0.9
"B1101";"H1204";0.5
"B1101";"H2208";0.9
"B1101";"K2105";0.9
"B1101";"K2107";0.5
"B1101";"K2109";0.5
"B1101";"L1502";0.5
"B1101";"L1503";0.9
"B1201";"B1101";0.9
"B1201";"B1302";0.9
"B1201";"B1602";0.9
"B1201";"D1301";0.5
"B1201";"F1612";0.9
"B1201";"G1202";0.9
"B1201";"H2803";0.9
"B1201";"K1203";0.5
"B1201";"K1203";0.5
"B1201";"K2111";0.5
"B1301";"B1806";0.5
"B1301";"D1506";0.5
"B1301";"E1107";0.5
"B1301";"F1102";0.9
"B1301";"L1503";0.9
"B1302";"B1101";0.9
"B1302";"B1201";0.5
"B1302";"B1303";0.5
"B1302";"B1402";0.5
"B1302";"B1602";0.5
"B1302";"D1201";0.5
"B1302";"G1202";0.9
"B1302";"H2803";0.9
"B1302";"H3402";0.9
"B1302";"H3404";0.9
"B1302";"H3404";0.9
"B1302";"K2105";0.5
"B1302";"K2105";0.5
"B1303";"B1101";0.9
"B1303";"B1302";0.9
"B1303";"B1601";0.5
"B1303";"B1602";0.5
"B1303";"B1603";0.9
"B1303";"D1201";0.5
"B1303";"E1306";0.5
"B1303";"E1306";0.5
"B1303";"F1612";0.5
"B1303";"F1612";0.5
"B1303";"G1202";0.9
"B1303";"K2105";0.5
"B1401";"A1414";0.5
"B1401";"B1501";0.5
"B1401";"G1202";0.9
"B1401";"H2208";0.5
"B1401";"K1203";0.9
"B1401";"K1203";0.9
"B1401";"K2111";0.5
"B1402";"B1302";0.5
"B1402";"B1802";0.5
"B1402";"D1201";0.5
"B1402";"G1202";0.5
"B1402";"H2208";0.5
"B1402";"K1602";0.5
"B1501";"B1601";0.9
"B1501";"D1201";0.9
"B1501";"D1211";0.9
"B1501";"D1301";0.5
"B1501";"D1402";0.5
"B1501";"H2207";0.5
"B1501";"H2208";0.5
"B1501";"H2902";0.9
"B1501";"K2111";0.5
"B1601";"B1101";0.9
"B1601";"B1603";0.9
"B1601";"G1202";0.9
"B1601";"H2901";0.9
"B1601";"H2902";0.9
"B1601";"H2904";0.9
"B1601";"H2908";0.5
"B1601";"H3401";0.9
"B1601";"H3402";0.9
"B1601";"H3403";0.9
"B1601";"K2111";0.5
"B1602";"B1101";0.9
"B1602";"B1201";0.9
"B1602";"B1302";0.9
"B1602";"B1303";0.9
"B1602";"D1301";0.5
"B1602";"G1202";0.5
"B1602";"K2111";0.5
"B1603";"B1101";0.5
"B1603";"B1303";0.9
"B1603";"B1601";0.9
"B1603";"B1601";0.9
"B1603";"D1214";0.9
"B1603";"D1301";0.5
"B1603";"D1402";0.5
"B1603";"H2208";0.9
"B1603";"K2111";0.5
"B1604";"B1603";0.5
"B1604";"D1214";0.9
"B1604";"D1301";0.5
"B1604";"D1402";0.5
"B1604";"D1503";0.5
"B1604";"H1203";0.5
"B1604";"H2901";0.9
"B1604";"K2111";0.5
"B1701";"B1101";0.5
"B1701";"B1101";0.5
"B1701";"L1503";0.9
"B1801";"B1805";0.5
"B1801";"D1201";0.5
"B1801";"D1214";0.9
"B1801";"D1301";0.5
"B1801";"G1202";0.5
"B1801";"H1205";0.5
"B1801";"K2109";0.5
"B1801";"L1502";0.5
"B1802";"B1806";0.9
"B1802";"D1206";0.9
"B1802";"D1214";0.9
"B1802";"D1301";0.5
"B1802";"D1402";0.5
"B1802";"H1205";0.5
"B1802";"H1205";0.5
"B1802";"H2401";0.9
"B1802";"H2505";0.5
"B1802";"J1411";0.5
"B1802";"K2109";0.5
"B1802";"K2111";0.5
"B1802";"L1502";0.5
"B1803";"B1805";0.5
"B1803";"D1201";0.5
"B1803";"D1207";0.9
"B1803";"D1212";0.9
"B1803";"D1214";0.9
"B1803";"D1301";0.5
"B1803";"D1402";0.5
"B1803";"G1202";0.5
"B1803";"H1205";0.5
"B1803";"H2411";0.9
"B1803";"H2412";0.9
"B1803";"K1203";0.5
"B1803";"K2109";0.5
"B1803";"K2111";0.5
"B1803";"L1502";0.9
"B1804";"B1801";0.5
"B1804";"B1805";0.5
"B1804";"D1201";0.5
"B1804";"D1214";0.9
"B1804";"D1301";0.5
"B1804";"G1202";0.5
"B1804";"K2109";0.5
"B1804";"L1502";0.5
"B1805";"B1301";0.5
"B1805";"B1801";0.5
"B1805";"E1205";0.5
"B1805";"H1204";0.5
"B1805";"H1205";0.9
"B1805";"K2111";0.5
"B1805";"L1502";0.9
"B1805";"M1702";0.5
"B1806";"B1301";0.5
"B1806";"B1802";0.9
"B1806";"B1803";0.9
"B1806";"D1212";0.9
"B1806";"D1212";0.9
"B1806";"D1212";0.9
"B1806";"D1212";0.9
"B1806";"D1212";0.9
"B1806";"D1301";0.5
"B1806";"D1402";0.5
"B1806";"F1102";0.5
"B1806";"G1202";0.9
"B1806";"H2402";0.9
"B1806";"K1203";0.5
"B1806";"K2111";0.5
"C1101";"C1104";0.5
"C1101";"C1105";0.5
"C1101";"C1204";0.9
"C1101";"D1406";0.5
"C1101";"K2111";0.5
"C1101";"M1703";0.9
"C1101";"M1707";0.5
"C1102";"C1103";0.5
"C1102";"C1104";0.5
"C1102";"C1206";0.9
"C1102";"D1402";0.9
"C1102";"M1704";0.5
"C1103";"C1101";0.5
"C1103";"C1104";0.5
"C1103";"C1107";0.9
"C1103";"C1108";0.5
"C1104";"C1103";0.9
"C1104";"C1108";0.9
"C1104";"C1207";0.5
"C1104";"K2111";0.5
"C1104";"M1201";0.5
"C1105";"C1101";0.9
"C1105";"M1201";0.5
"C1105";"M1403";0.9
"C1105";"M1707";0.5
"C1106";"C1107";0.9
"C1106";"H1302";0.5
"C1106";"H1303";0.5
"C1106";"K2111";0.5
"C1107";"C1104";0.5
"C1107";"C1106";0.9
"C1107";"C1110";0.9
"C1107";"K1903";0.5
"C1108";"C1103";0.9
"C1108";"C1104";0.9
"C1108";"C1107";0.9
"C1108";"C1207";0.5
"C1108";"K1903";0.5
"C1108";"K2111";0.5
"C1109";"C1102";0.5
"C1109";"C1107";0.5
"C1109";"C1110";0.5
"C1109";"K1902";0.9
"C1110";"C1101";0.5
"C1110";"C1104";0.5
"C1110";"C1106";0.5
"C1110";"C1107";0.5
"C1110";"C1108";0.5
"C1201";"C1102";0.5
"C1201";"C1109";0.5
"C1201";"C1206";0.5
"C1201";"D1401";0.9
"C1201";"D1408";0.9
"C1201";"G1703";0.5
"C1202";"C1207";0.5
"C1202";"K1903";0.5
"C1202";"K2111";0.5
"C1202";"M1201";0.5
"C1202";"M1202";0.5
"C1202";"M1204";0.5
"C1202";"M1403";0.5
"C1203";"C1205";0.5
"C1203";"C1206";0.9
"C1203";"C1207";0.5
"C1203";"C1302";0.5
"C1203";"M1704";0.9
"C1204";"C1101";0.5
"C1204";"C1202";0.5
"C1204";"M1201";0.5
"C1204";"M1703";0.9
"C1204";"M1706";0.5
"C1205";"C1103";0.5
"C1205";"C1105";0.5
"C1205";"C1207";0.5
"C1205";"C1301";0.5
"C1205";"C1302";0.9
"C1205";"C1303";0.5
"C1205";"C1501";0.5
"C1205";"M1704";0.9
"C1206";"C1102";0.9
"C1206";"C1203";0.5
"C1206";"C1205";0.5
"C1206";"C1207";0.5
"C1206";"C1502";0.9
"C1206";"M1704";0.5
"C1207";"C1303";0.5
"C1207";"K2111";0.5
"C1207";"M1302";0.5
"C1207";"M1402";0.5
"C1301";"C1302";0.9
"C1301";"C1303";0.5
"C1301";"K2111";0.5
"C1301";"M1201";0.5
"C1302";"C1205";0.9
"C1302";"C1207";0.5
"C1302";"K1903";0.5
"C1302";"M1201";0.5
"C1302";"M1202";0.5
"C1302";"M1204";0.5
"C1303";"C1105";0.5
"C1303";"C1205";0.9
"C1303";"C1207";0.5
"C1303";"C1301";0.9
"C1303";"K2111";0.5
"C1303";"M1403";0.5
"C1401";"C1102";0.5
"C1401";"C1109";0.5
"C1401";"C1201";0.5
"C1401";"C1206";0.5
"C1401";"C1303";0.5
"C1401";"C1303";0.5
"C1401";"D1408";0.9
"C1401";"M1602";0.9
"C1401";"M1605";0.5
"C1401";"M1605";0.5
"C1401";"M1607";0.9
"C1501";"C1502";0.9
"C1501";"C1503";0.5
"C1501";"C1504";0.9
"C1501";"I1101";0.5
"C1501";"M1206";0.9
"C1502";"C1501";0.5
"C1502";"C1504";0.9
"C1502";"M1203";0.9
"C1503";"C1203";0.9
"C1503";"C1501";0.9
"C1503";"C1504";0.9
"C1503";"D1402";0.9
"C1503";"D1403";0.9
"C1503";"M1302";0.5
"C1503";"M1707";0.9
"C1504";"C1206";0.9
"C1504";"C1501";0.9
"C1504";"C1502";0.9
"C1504";"C1503";0.5
"C1504";"D1402";0.9
"C1504";"D1403";0.9
"D1101";"D1103";0.5
"D1101";"D1106";0.9
"D1101";"D1107";0.9
"D1101";"D1301";0.5
"D1101";"D1402";0.5
"D1101";"D1502";0.5
"D1101";"K2109";0.5
"D1102";"D1104";0.5
"D1102";"D1107";0.9
"D1102";"D1301";0.5
"D1102";"D1402";0.5
"D1102";"D1502";0.5
"D1102";"G1604";0.9
"D1102";"H2102";0.9
"D1102";"H2102";0.9
"D1102";"H3303";0.9
"D1102";"K2109";0.5
"D1103";"D1101";0.9
"D1103";"D1101";0.9
"D1103";"D1106";0.9
"D1103";"D1107";0.9
"D1103";"D1301";0.5
"D1103";"D1402";0.5
"D1103";"D1502";0.5
"D1103";"E1107";0.5
"D1103";"G1602";0.5
"D1103";"G1602";0.5
"D1103";"K2109";0.5
"D1104";"D1102";0.9
"D1104";"D1107";0.9
"D1104";"D1301";0.5
"D1104";"D1402";0.5
"D1104";"D1502";0.5
"D1104";"G1602";0.9
"D1104";"G1602";0.9
"D1104";"G1602";0.9
"D1104";"G1602";0.9
"D1104";"G1602";0.9
"D1104";"G1602";0.9
"D1104";"H2102";0.9
"D1104";"H2102";0.9
"D1104";"K2109";0.5
"D1105";"D1106";0.9
"D1105";"D1107";0.9
"D1105";"D1402";0.5
"D1105";"D1502";0.5
"D1105";"G1602";0.5
"D1105";"G1602";0.5
"D1105";"G1605";0.9
"D1105";"K2109";0.5
"D1106";"D1101";0.5
"D1106";"D1102";0.5
"D1106";"D1103";0.5
"D1106";"D1104";0.5
"D1106";"D1105";0.5
"D1106";"D1107";0.9
"D1106";"D1502";0.5
"D1106";"D1505";0.9
"D1106";"D1507";0.9
"D1106";"G1603";0.9
"D1107";"D1106";0.9
"D1107";"D1301";0.9
"D1107";"D1401";0.9
"D1107";"D1402";0.9
"D1107";"D1406";0.5
"D1107";"D1502";0.5
"D1107";"M1101";0.5
"D1201";"B1302";0.5
"D1201";"B1402";0.5
"D1201";"B1501";0.5
"D1201";"D1211";0.9
"D1201";"D1214";0.9
"D1201";"D1214";0.9
"D1201";"D1301";0.9
"D1201";"H2207";0.5
"D1201";"H2207";0.5
"D1201";"H2208";0.5
"D1202";"D1208";0.9
"D1202";"D1214";0.5
"D1202";"D1301";0.5
"D1202";"D1402";0.5
"D1202";"D1403";0.5
"D1202";"L1501";0.9
"D1203";"D1208";0.9
"D1203";"D1214";0.5
"D1203";"D1301";0.5
"D1203";"G1202";0.5
"D1203";"G1204";0.5
"D1203";"J1301";0.9
"D1203";"K1103";0.5
"D1203";"K1302";0.9
"D1204";"D1401";0.5
"D1204";"D1402";0.5
"D1204";"D1403";0.5
"D1204";"D1404";0.5
"D1204";"G1101";0.9
"D1204";"I1103";0.9
"D1204";"M1302";0.5
"D1204";"M1601";0.9
"D1204";"N4201";0.5
"D1204";"N4203";0.9
"D1204";"N4204";0.9
"D1205";"D1207";0.5
"D1205";"D1214";0.5
"D1205";"D1301";0.5
"D1205";"G1501";0.9
"D1205";"H2410";0.9
"D1205";"H3302";0.9
"D1205";"K2201";0.9
"D1206";"B1802";0.5
"D1206";"B1806";0.5
"D1206";"D1201";0.5
"D1206";"D1207";0.9
"D1206";"D1213";0.5
"D1206";"D1214";0.9
"D1206";"D1301";0.5
"D1206";"D1402";0.5
"D1206";"H2401";0.9
"D1206";"J1411";0.5
"D1206";"K2111";0.5
"D1206";"L1502";0.5
"D1207";"B1803";0.5
"D1207";"B1806";0.5
"D1207";"D1201";0.5
"D1207";"D1212";0.9
"D1207";"D1214";0.9
"D1207";"D1301";0.5
"D1207";"H2411";0.9
"D1207";"L1502";0.5
"D1208";"D1202";0.9
"D1208";"D1203";0.9
"D1208";"D1214";0.9
"D1208";"D1301";0.5
"D1208";"D1403";0.5
"D1208";"K1103";0.5
"D1208";"L1501";0.9
"D1209";"A1414";0.5
"D1209";"B1301";0.5
"D1209";"D1107";0.5
"D1209";"D1210";0.9
"D1209";"D1211";0.9
"D1209";"D1212";0.9
"D1209";"D1214";0.9
"D1209";"D1301";0.5
"D1209";"D1402";0.5
"D1209";"D1502";0.5
"D1209";"D1503";0.5
"D1209";"D1505";0.9
"D1209";"D1508";0.5
"D1209";"G1202";0.5
"D1210";"A1408";0.5
"D1210";"A1501";0.5
"D1210";"D1209";0.9
"D1210";"D1211";0.9
"D1210";"D1212";0.9
"D1210";"D1214";0.9
"D1210";"D1301";0.5
"D1210";"D1402";0.5
"D1210";"D1501";0.9
"D1210";"D1503";0.5
"D1210";"D1505";0.9
"D1210";"D1508";0.5
"D1211";"B1301";0.5
"D1211";"D1106";0.9
"D1211";"D1201";0.9
"D1211";"D1212";0.9
"D1211";"D1213";0.9
"D1211";"D1214";0.9
"D1211";"D1301";0.5
"D1211";"D1402";0.5
"D1211";"D1403";0.5
"D1211";"D1408";0.9
"D1211";"D1501";0.9
"D1211";"D1503";0.5
"D1211";"D1505";0.9
"D1211";"D1508";0.5
"D1212";"D1201";0.5
"D1212";"D1211";0.9
"D1212";"D1213";0.5
"D1212";"D1214";0.9
"D1212";"D1301";0.5
"D1212";"D1402";0.5
"D1212";"D1403";0.5
"D1212";"D1501";0.9
"D1212";"D1503";0.5
"D1212";"D1505";0.9
"D1213";"D1211";0.9
"D1213";"D1212";0.9
"D1213";"D1214";0.9
"D1213";"D1301";0.9
"D1213";"D1401";0.9
"D1213";"D1402";0.9
"D1213";"D1406";0.5
"D1213";"D1503";0.5
"D1213";"M1101";0.5
"D1214";"B1301";0.5
"D1214";"D1201";0.5
"D1214";"D1211";0.9
"D1214";"D1212";0.9
"D1214";"D1213";0.5
"D1214";"D1301";0.5
"D1214";"D1402";0.5
"D1214";"D1403";0.5
"D1214";"D1501";0.9
"D1214";"D1503";0.5
"D1214";"D1505";0.9
"D1214";"J1405";0.5
"D1214";"J1405";0.5
"D1301";"D1401";0.9
"D1301";"D1402";0.9
"D1301";"D1503";0.9
"D1301";"D1509";0.5
"D1301";"K2111";0.5
"D1301";"M1701";0.5
"D1301";"N1303";0.5
"D1401";"C1102";0.5
"D1401";"C1201";0.9
"D1401";"C1206";0.5
"D1401";"D1213";0.9
"D1401";"D1402";0.9
"D1401";"D1404";0.9
"D1401";"D1407";0.5
"D1401";"D1408";0.9
"D1401";"K2111";0.5
"D1401";"M1605";0.9
"D1401";"M1607";0.9
"D1401";"M1701";0.5
"D1401";"M1704";0.5
"D1401";"N1202";0.9
"D1401";"N1303";0.5
"D1402";"C1102";0.9
"D1402";"C1206";0.5
"D1402";"C1504";0.5
"D1402";"D1107";0.9
"D1402";"D1213";0.9
"D1402";"D1404";0.9
"D1402";"D1405";0.5
"D1402";"D1407";0.5
"D1402";"D1503";0.5
"D1402";"K2111";0.5
"D1403";"C1102";0.5
"D1403";"C1504";0.5
"D1403";"D1211";0.9
"D1403";"D1212";0.9
"D1403";"D1214";0.9
"D1403";"D1401";0.5
"D1403";"D1402";0.5
"D1403";"D1404";0.5
"D1403";"D1407";0.5
"D1403";"D1408";0.9
"D1403";"D1501";0.9
"D1403";"K2111";0.5
"D1404";"C1102";0.9
"D1404";"C1504";0.5
"D1404";"D1401";0.9
"D1404";"D1402";0.9
"D1404";"D1403";0.9
"D1404";"D1406";0.5
"D1404";"K2111";0.5
"D1404";"M1302";0.5
"D1405";"C1102";0.9
"D1405";"C1504";0.9
"D1405";"D1401";0.9
"D1405";"D1402";0.9
"D1405";"D1406";0.5
"D1405";"D1407";0.9
"D1405";"M1705";0.5
"D1406";"D1408";0.9
"D1406";"D1408";0.9
"D1406";"D1504";0.5
"D1406";"D1506";0.9
"D1406";"D1509";0.9
"D1406";"K2111";0.5
"D1406";"M1701";0.9
"D1406";"M1706";0.9
"D1406";"M1707";0.5
"D1407";"C1102";0.9
"D1407";"C1504";0.9
"D1407";"D1402";0.9
"D1407";"D1405";0.5
"D1407";"D1406";0.5
"D1407";"H1102";0.9
"D1407";"K2111";0.9
"D1408";"D1401";0.9
"D1408";"D1402";0.5
"D1408";"D1403";0.9
"D1408";"D1405";0.5
"D1408";"D1406";0.5
"D1408";"D1406";0.5
"D1408";"D1406";0.5
"D1408";"E1101";0.9
"D1408";"G1303";0.5
"D1408";"M1401";0.9
"D1408";"M1404";0.5
"D1501";"D1106";0.9
"D1501";"D1210";0.9
"D1501";"D1211";0.9
"D1501";"D1212";0.9
"D1501";"D1214";0.9
"D1501";"D1402";0.5
"D1501";"D1403";0.9
"D1501";"M1401";0.9
"D1502";"D1301";0.9
"D1502";"D1402";0.5
"D1502";"D1503";0.9
"D1502";"D1504";0.5
"D1502";"D1506";0.5
"D1502";"D1509";0.5
"D1502";"K2111";0.5
"D1502";"M1101";0.5
"D1503";"D1301";0.9
"D1503";"D1402";0.5
"D1503";"D1502";0.9
"D1503";"D1504";0.5
"D1503";"D1506";0.5
"D1503";"D1509";0.5
"D1503";"K2111";0.5
"D1503";"M1101";0.5
"D1504";"D1406";0.9
"D1504";"K2111";0.5
"D1504";"M1102";0.9
"D1504";"M1302";0.9
"D1504";"M1704";0.9
"D1504";"M1705";0.5
"D1504";"M1706";0.9
"D1504";"M1707";0.5
"D1505";"D1106";0.5
"D1505";"D1210";0.5
"D1505";"D1211";0.5
"D1505";"D1212";0.5
"D1505";"D1214";0.5
"D1505";"D1507";0.9
"D1505";"D1508";0.5
"D1505";"M1601";0.9
"D1506";"B1301";0.9
"D1506";"D1406";0.5
"D1506";"K2111";0.5
"D1506";"M1102";0.5
"D1506";"M1703";0.5
"D1506";"M1705";0.5
"D1506";"M1707";0.5
"D1507";"D1106";0.9
"D1507";"D1501";0.5
"D1507";"D1502";0.5
"D1507";"D1503";0.5
"D1507";"D1505";0.9
"D1507";"G1603";0.9
"D1507";"H3303";0.9
"D1507";"N1103";0.9
"D1507";"N1105";0.9
"D1508";"D1301";0.9
"D1508";"D1502";0.5
"D1508";"D1503";0.5
"D1508";"G1401";0.9
"D1508";"M1608";0.5
"D1509";"D1301";0.9
"D1509";"D1406";0.9
"D1509";"D1504";0.5
"D1509";"K2111";0.5
"D1509";"M1101";0.5
"D1509";"M1703";0.5
"D1509";"M1704";0.9
"D1509";"N1302";0.9
"E1101";"D1401";0.9
"E1101";"D1408";0.9
"E1101";"E1103";0.5
"E1101";"G1202";0.9
"E1101";"G1202";0.9
"E1101";"G1202";0.9
"E1101";"G1202";0.9
"E1101";"G1202";0.9
"E1101";"G1202";0.9
"E1101";"G1202";0.9
"E1101";"G1202";0.9
"E1101";"K1601";0.9
"E1101";"K1601";0.9
"E1101";"M1702";0.5
"E1101";"M1704";0.5
"E1101";"M1801";0.5
"E1102";"E1103";0.5
"E1102";"E1105";0.5
"E1102";"E1106";0.9
"E1102";"E1108";0.5
"E1102";"E1205";0.5
"E1102";"E1305";0.9
"E1102";"G1202";0.9
"E1102";"L1203";0.5
"E1102";"L1301";0.5
"E1102";"L1303";0.5
"E1102";"L1304";0.5
"E1103";"E1106";0.9
"E1103";"E1401";0.9
"E1103";"E1402";0.9
"E1103";"L1303";0.5
"E1104";"E1103";0.5
"E1104";"E1205";0.9
"E1104";"H1204";0.9
"E1104";"K2105";0.5
"E1104";"L1304";0.5
"E1104";"L1510";0.9
"E1104";"M1805";0.9
"E1104";"M1805";0.9
"E1105";"E1102";0.5
"E1105";"E1103";0.9
"E1105";"E1104";0.5
"E1105";"E1106";0.5
"E1105";"E1305";0.9
"E1105";"L1303";0.9
"E1106";"E1102";0.5
"E1106";"E1103";0.9
"E1106";"E1105";0.5
"E1106";"E1108";0.9
"E1106";"E1201";0.9
"E1106";"L1103";0.9
"E1106";"L1103";0.9
"E1106";"L1505";0.9
"E1107";"D1402";0.5
"E1107";"E1103";0.9
"E1107";"E1402";0.5
"E1107";"G1301";0.5
"E1107";"L1303";0.5
"E1107";"M1702";0.5
"E1108";"E1102";0.5
"E1108";"E1105";0.5
"E1108";"E1106";0.9
"E1108";"G1201";0.5
"E1108";"H1207";0.5
"E1108";"K1601";0.5
"E1108";"K2111";0.5
"E1201";"E1203";0.9
"E1202";"E1203";0.9
"E1202";"L1507";0.5
"E1203";"E1201";0.5
"E1203";"E1202";0.9
"E1204";"E1202";0.5
"E1204";"G1403";0.5
"E1204";"G1403";0.5
"E1205";"B1101";0.5
"E1205";"E1104";0.9
"E1205";"E1306";0.9
"E1205";"H1204";0.9
"E1205";"L1304";0.5
"E1205";"L1510";0.9
"E1301";"E1302";0.9
"E1301";"E1303";0.5
"E1301";"E1306";0.5
"E1301";"E1308";0.5
"E1302";"E1301";0.9
"E1302";"E1303";0.5
"E1302";"E1308";0.5
"E1302";"H3301";0.9
"E1303";"E1308";0.9
"E1303";"H2504";0.9
"E1303";"H2505";0.9
"E1304";"E1301";0.5
"E1304";"E1302";0.5
"E1304";"H3302";0.9
"E1304";"N1103";0.9
"E1305";"E1105";0.5
"E1305";"H1207";0.5
"E1306";"E1104";0.5
"E1306";"E1205";0.9
"E1306";"E1301";0.5
"E1306";"E1303";0.5
"E1306";"E1305";0.5
"E1306";"E1308";0.5
"E1307";"E1301";0.5
"E1307";"E1302";0.5
"E1307";"E1303";0.5
"E1307";"E1308";0.5
"E1307";"M1602";0.9
"E1308";"E1105";0.5
"E1308";"E1205";0.5
"E1308";"E1303";0.9
"E1401";"E1103";0.9
"E1401";"E1402";0.9
"E1401";"M1302";0.5
"E1401";"M1402";0.9
"E1401";"M1705";0.5
"E1401";"M1706";0.5
"E1401";"M1707";0.5
"E1402";"E1103";0.5
"E1402";"E1401";0.9
"E1402";"M1101";0.9
"E1402";"M1402";0.5
"E1402";"M1403";0.5
"E1402";"M1702";0.5
"E1402";"M1703";0.9
"E1402";"M1705";0.5
"E1402";"M1706";0.5
"F1101";"C1503";0.5
"F1101";"F1102";0.9
"F1101";"F1106";0.9
"F1102";"B1301";0.9
"F1102";"B1806";0.9
"F1102";"E1104";0.5
"F1102";"E1205";0.5
"F1102";"F1104";0.9
"F1102";"H1204";0.9
"F1102";"K2109";0.5
"F1102";"L1503";0.9
"F1103";"F1106";0.5
"F1103";"F1204";0.5
"F1103";"H1301";0.9
"F1104";"F1102";0.5
"F1104";"F1106";0.5
"F1104";"F1108";0.5
"F1104";"H1202";0.5
"F1104";"H1203";0.5
"F1104";"H2209";0.5
"F1105";"F1106";0.5
"F1105";"F1203";0.9
"F1105";"K2402";0.5
"F1106";"C1503";0.5
"F1106";"F1103";0.9
"F1106";"F1105";0.5
"F1106";"F1201";0.9
"F1106";"F1204";0.5
"F1106";"H1102";0.9
"F1106";"I1101";0.9
"F1107";"C1503";0.5
"F1107";"F1103";0.9
"F1107";"F1104";0.5
"F1107";"F1105";0.5
"F1107";"M1809";0.9
"F1108";"C1503";0.5
"F1108";"F1104";0.5
"F1108";"F1106";0.9
"F1108";"F1201";0.5
"F1108";"K2111";0.5
"F1201";"C1503";0.5
"F1201";"F1103";0.5
"F1201";"F1106";0.5
"F1201";"F1204";0.5
"F1201";"K2111";0.5
"F1202";"F1103";0.5
"F1202";"F1106";0.5
"F1202";"F1201";0.5
"F1202";"F1203";0.5
"F1202";"F1204";0.5
"F1203";"F1105";0.9
"F1203";"F1201";0.9
"F1203";"F1202";0.9
"F1203";"F1204";0.5
"F1203";"H1302";0.5
"F1203";"K2306";0.5
"F1204";"F1103";0.9
"F1204";"F1106";0.5
"F1204";"F1201";0.9
"F1204";"F1202";0.9
"F1204";"H1102";0.5
"F1204";"H1301";0.9
"F1204";"H1302";0.5
"F1204";"H1303";0.9
"F1204";"K2111";0.5
"F1301";"A1101";0.5
"F1301";"F1302";0.9
"F1301";"N1104";0.9
"F1302";"A1101";0.9
"F1302";"F1202";0.5
"F1302";"F1301";0.5
"F1302";"F1402";0.5
"F1302";"F1702";0.9
"F1302";"H2804";0.5
"F1302";"N1101";0.9
"F1302";"N1104";0.9
"F1302";"N4101";0.5
"F1401";"F1402";0.9
"F1401";"F1701";0.5
"F1401";"F1704";0.9
"F1401";"F1705";0.5
"F1401";"H2701";0.5
"F1402";"F1203";0.5
"F1402";"F1301";0.5
"F1402";"F1302";0.9
"F1402";"F1401";0.9
"F1402";"F1702";0.9
"F1402";"F1704";0.9
"F1402";"F1705";0.5
"F1402";"H2804";0.5
"F1501";"F1301";0.5
"F1501";"F1502";0.9
"F1501";"F1503";0.5
"F1501";"F1604";0.5
"F1501";"F1607";0.9
"F1501";"F1610";0.5
"F1501";"H2201";0.9
"F1501";"I1501";0.5
"F1502";"F1202";0.5
"F1502";"F1301";0.5
"F1502";"F1501";0.9
"F1502";"F1604";0.5
"F1502";"F1605";0.5
"F1502";"F1610";0.9
"F1502";"H2911";0.5
"F1502";"I1501";0.5
"F1502";"N1104";0.5
"F1503";"D1402";0.5
"F1503";"D1407";0.5
"F1503";"F1501";0.9
"F1503";"H2201";0.9
"F1503";"H2202";0.9
"F1503";"H2204";0.5
"F1503";"H2206";0.9
"F1503";"H2207";0.5
"F1503";"H2209";0.5
"F1503";"K1203";0.5
"F1503";"K2111";0.5
"F1601";"D1212";0.9
"F1601";"D1213";0.9
"F1601";"D1403";0.5
"F1601";"F1604";0.9
"F1601";"F1604";0.9
"F1601";"F1604";0.9
"F1601";"F1606";0.9
"F1601";"H2908";0.5
"F1601";"H3203";0.5
"F1601";"L1503";0.9
"F1602";"D1212";0.9
"F1602";"D1407";0.5
"F1602";"F1202";0.5
"F1602";"F1605";0.9
"F1602";"H2602";0.9
"F1602";"I1306";0.5
"F1602";"I1307";0.5
"F1602";"I1309";0.9
"F1602";"K2111";0.5
"F1602";"L1504";0.5
"F1602";"L1504";0.5
"F1602";"L1504";0.5
"F1603";"D1212";0.9
"F1603";"F1202";0.5
"F1603";"H2913";0.5
"F1603";"I1203";0.9
"F1603";"I1306";0.5
"F1603";"I1308";0.9
"F1603";"K2111";0.5
"F1604";"B1301";0.5
"F1604";"B1301";0.5
"F1604";"F1601";0.5
"F1604";"F1606";0.5
"F1604";"F1607";0.9
"F1604";"F1609";0.5
"F1604";"H2201";0.9
"F1604";"L1503";0.5
"F1605";"D1407";0.5
"F1605";"F1202";0.5
"F1605";"F1602";0.9
"F1605";"F1705";0.5
"F1605";"H2602";0.9
"F1605";"I1307";0.5
"F1605";"I1501";0.5
"F1605";"K2111";0.5
"F1606";"B1806";0.5
"F1606";"B1806";0.5
"F1606";"D1212";0.9
"F1606";"F1202";0.5
"F1606";"F1601";0.9
"F1606";"F1604";0.5
"F1606";"F1608";0.5
"F1606";"F1609";0.9
"F1606";"F1611";0.9
"F1606";"I1201";0.5
"F1606";"I1203";0.9
"F1606";"K2111";0.5
"F1607";"B1601";0.5
"F1607";"D1212";0.9
"F1607";"D1407";0.5
"F1607";"F1202";0.5
"F1607";"F1501";0.9
"F1607";"F1604";0.9
"F1607";"H2201";0.9
"F1607";"H2206";0.5
"F1607";"H2911";0.5
"F1607";"I1203";0.9
"F1607";"K2111";0.5
"F1607";"L1503";0.5
"F1608";"D1212";0.9
"F1608";"F1609";0.9
"F1608";"F1610";0.5
"F1608";"F1611";0.5
"F1608";"F1612";0.5
"F1608";"F1703";0.9
"F1608";"H2206";0.9
"F1608";"K2111";0.5
"F1609";"D1212";0.9
"F1609";"F1606";0.5
"F1609";"F1608";0.5
"F1609";"I1201";0.9
"F1609";"K2111";0.5
"F1610";"D1212";0.9
"F1610";"F1202";0.5
"F1610";"F1501";0.9
"F1610";"F1502";0.9
"F1610";"F1503";0.5
"F1610";"F1607";0.5
"F1610";"F1613";0.9
"F1610";"I1501";0.5
"F1610";"K2111";0.5
"F1611";"F1502";0.5
"F1611";"F1606";0.9
"F1611";"F1609";0.5
"F1611";"F1612";0.5
"F1611";"F1613";0.9
"F1611";"F1703";0.5
"F1611";"K2111";0.5
"F1612";"B1101";0.9
"F1612";"B1201";0.9
"F1612";"B1303";0.9
"F1612";"F1202";0.9
"F1612";"F1608";0.9
"F1612";"F1611";0.9
"F1612";"H2208";0.9
"F1612";"K1203";0.5
"F1612";"K2111";0.5
"F1613";"F1502";0.5
"F1613";"F1610";0.5
"F1613";"F1611";0.9
"F1613";"F1702";0.9
"F1613";"F1705";0.9
"F1613";"K2111";0.5
"F1701";"F1202";0.5
"F1701";"F1611";0.9
"F1701";"F1703";0.9
"F1701";"F1705";0.5
"F1701";"F1706";0.9
"F1702";"F1202";0.5
"F1702";"F1202";0.5
"F1702";"F1202";0.5
"F1702";"F1302";0.5
"F1702";"F1613";0.5
"F1702";"F1704";0.9
"F1702";"F1705";0.9
"F1702";"F1706";0.9
"F1702";"I1202";0.5
"F1702";"N4403";0.9
"F1703";"A1203";0.9
"F1703";"F1202";0.5
"F1703";"F1601";0.5
"F1703";"F1608";0.5
"F1703";"F1613";0.9
"F1703";"F1701";0.9
"F1703";"K2111";0.5
"F1704";"F1302";0.5
"F1704";"F1613";0.5
"F1704";"F1702";0.9
"F1704";"F1705";0.5
"F1704";"F1706";0.9
"F1704";"H3303";0.9
"F1704";"N1101";0.5
"F1704";"N1105";0.9
"F1704";"N4403";0.9
"F1705";"F1202";0.5
"F1705";"F1302";0.5
"F1705";"F1401";0.9
"F1705";"F1402";0.9
"F1705";"F1613";0.9
"F1705";"F1702";0.9
"F1705";"K2301";0.5
"F1706";"F1701";0.9
"F1706";"F1704";0.9
"F1706";"H2205";0.9
"F1706";"H2504";0.5
"F1706";"H2803";0.5
"F1706";"H2803";0.5
"F1706";"H2902";0.5
"F1706";"H2902";0.5
"F1706";"H2911";0.5
"F1706";"H2911";0.5
"F1706";"H3302";0.9
"F1706";"H3303";0.9
"F1706";"N1101";0.9
"F1706";"N1105";0.9
"F1706";"N3203";0.9
"G1101";"D1402";0.9
"G1101";"G1102";0.5
"G1101";"G1201";0.5
"G1101";"G1202";0.9
"G1101";"G1301";0.5
"G1101";"G1703";0.9
"G1101";"M1601";0.9
"G1101";"N2101";0.5
"G1101";"N2201";0.9
"G1102";"G1201";0.9
"G1102";"G1301";0.9
"G1102";"G1403";0.5
"G1102";"K1602";0.5
"G1102";"K1802";0.9
"G1102";"M1101";0.5
"G1102";"M1403";0.5
"G1201";"E1108";0.5
"G1201";"G1102";0.9
"G1201";"G1202";0.9
"G1201";"G1202";0.9
"G1201";"G1204";0.9
"G1201";"G1403";0.5
"G1201";"K1602";0.5
"G1202";"E1101";0.9
"G1202";"E1101";0.9
"G1202";"E1101";0.9
"G1202";"E1101";0.9
"G1202";"E1101";0.9
"G1202";"E1101";0.9
"G1202";"E1101";0.9
"G1202";"E1101";0.9
"G1202";"E1101";0.9
"G1202";"G1101";0.9
"G1202";"G1101";0.9
"G1202";"G1101";0.9
"G1202";"G1101";0.9
"G1202";"G1101";0.9
"G1202";"G1101";0.9
"G1202";"G1201";0.9
"G1202";"G1203";0.9
"G1202";"G1403";0.5
"G1202";"K1206";0.9
"G1202";"K1601";0.5
"G1202";"K1601";0.5
"G1202";"K2105";0.5
"G1202";"K2111";0.5
"G1203";"G1202";0.9
"G1203";"G1204";0.5
"G1203";"G1403";0.5
"G1203";"G1403";0.5
"G1203";"K1202";0.5
"G1203";"K1206";0.9
"G1203";"K1207";0.5
"G1203";"K1303";0.9
"G1204";"D1211";0.9
"G1204";"D1402";0.9
"G1204";"G1201";0.9
"G1204";"G1202";0.9
"G1204";"G1403";0.5
"G1204";"K2107";0.5
"G1205";"D1505";0.9
"G1205";"G1101";0.5
"G1205";"G1401";0.9
"G1205";"G1403";0.5
"G1205";"G1703";0.5
"G1205";"M1601";0.5
"G1205";"N4402";0.9
"G1206";"D1508";0.9
"G1206";"G1205";0.9
"G1206";"G1401";0.5
"G1206";"G1403";0.5
"G1206";"G1703";0.5
"G1206";"K2111";0.5
"G1301";"E1107";0.9
"G1301";"G1102";0.9
"G1301";"G1302";0.9
"G1301";"G1402";0.5
"G1301";"G1403";0.5
"G1301";"K2109";0.5
"G1301";"K2111";0.5
"G1301";"M1302";0.5
"G1301";"M1703";0.5
"G1302";"G1301";0.9
"G1302";"K2111";0.9
"G1302";"M1402";0.5
"G1302";"M1702";0.9
"G1302";"M1703";0.5
"G1302";"M1705";0.5
"G1302";"M1707";0.5
"G1303";"D1204";0.9
"G1303";"D1407";0.5
"G1303";"D1408";0.9
"G1303";"G1101";0.9
"G1303";"G1201";0.9
"G1303";"G1301";0.5
"G1303";"G1302";0.5
"G1303";"G1703";0.9
"G1303";"M1302";0.5
"G1303";"N2101";0.5
"G1303";"N2201";0.5
"G1401";"G1402";0.5
"G1401";"G1403";0.5
"G1401";"G1404";0.5
"G1401";"G1801";0.9
"G1401";"G1802";0.9
"G1401";"K2111";0.5
"G1402";"G1401";0.9
"G1402";"G1403";0.9
"G1402";"G1404";0.9
"G1402";"G1801";0.9
"G1402";"K2111";0.5
"G1402";"M1302";0.5
"G1403";"D1402";0.9
"G1403";"D1407";0.9
"G1403";"G1206";0.9
"G1403";"G1206";0.9
"G1403";"G1206";0.9
"G1403";"G1206";0.9
"G1403";"G1206";0.9
"G1403";"G1206";0.9
"G1403";"G1206";0.9
"G1403";"G1206";0.9
"G1403";"G1206";0.9
"G1403";"G1206";0.9
"G1403";"G1206";0.9
"G1403";"G1206";0.9
"G1403";"G1402";0.5
"G1403";"G1404";0.5
"G1403";"G1801";0.5
"G1403";"M1302";0.9
"G1404";"G1402";0.9
"G1404";"G1403";0.9
"G1404";"G1801";0.9
"G1404";"K2111";0.5
"G1404";"M1302";0.5
"G1501";"D1205";0.9
"G1501";"G1502";0.9
"G1501";"G1503";0.5
"G1501";"G1703";0.5
"G1501";"G1803";0.5
"G1501";"J1301";0.9
"G1501";"K1304";0.9
"G1501";"K2204";0.9
"G1502";"G1205";0.9
"G1502";"G1501";0.9
"G1502";"G1503";0.5
"G1502";"G1701";0.5
"G1502";"G1702";0.9
"G1502";"G1703";0.5
"G1502";"J1301";0.9
"G1502";"K1304";0.9
"G1502";"K2204";0.9
"G1503";"G1401";0.5
"G1503";"G1402";0.5
"G1503";"G1502";0.9
"G1503";"G1701";0.9
"G1503";"G1703";0.9
"G1503";"K2111";0.5
"G1601";"E1107";0.5
"G1601";"G1401";0.9
"G1601";"G1402";0.5
"G1601";"G1404";0.9
"G1601";"G1801";0.9
"G1601";"K2111";0.5
"G1602";"D1103";0.9
"G1602";"D1104";0.9
"G1602";"D1104";0.9
"G1602";"D1104";0.9
"G1602";"D1104";0.9
"G1602";"D1104";0.9
"G1602";"D1104";0.9
"G1602";"D1104";0.9
"G1602";"D1104";0.9
"G1602";"D1104";0.9
"G1602";"D1104";0.9
"G1602";"D1104";0.9
"G1602";"D1104";0.9
"G1602";"D1104";0.9
"G1602";"D1104";0.9
"G1602";"D1104";0.9
"G1602";"D1104";0.9
"G1602";"D1104";0.9
"G1602";"D1104";0.9
"G1602";"D1104";0.9
"G1602";"D1104";0.9
"G1602";"D1104";0.9
"G1602";"D1104";0.9
"G1602";"D1104";0.9
"G1602";"D1104";0.9
"G1602";"D1104";0.9
"G1602";"D1104";0.9
"G1602";"D1104";0.9
"G1602";"D1104";0.9
"G1602";"D1104";0.9
"G1602";"D1104";0.9
"G1602";"D1104";0.9
"G1602";"D1104";0.9
"G1602";"D1104";0.9
"G1602";"D1104";0.9
"G1602";"D1104";0.9
"G1602";"D1104";0.9
"G1602";"E1107";0.5
"G1602";"G1401";0.5
"G1602";"G1402";0.5
"G1602";"G1403";0.5
"G1602";"G1404";0.5
"G1602";"G1601";0.9
"G1602";"G1801";0.5
"G1602";"G1801";0.5
"G1602";"K1203";0.5
"G1602";"K2111";0.5
"G1603";"D1106";0.9
"G1603";"G1401";0.5
"G1603";"G1602";0.5
"G1603";"G1604";0.9
"G1603";"G1702";0.9
"G1603";"G1801";0.9
"G1603";"G1803";0.9
"G1603";"J1301";0.9
"G1604";"D1102";0.9
"G1604";"G1401";0.5
"G1604";"G1402";0.5
"G1604";"G1602";0.5
"G1604";"G1603";0.9
"G1605";"G1502";0.5
"G1605";"G1602";0.5
"G1605";"G1603";0.9
"G1605";"G1604";0.5
"G1605";"G1702";0.9
"G1605";"G1801";0.5
"G1605";"G1803";0.5
"G1605";"J1301";0.9
"G1701";"G1401";0.5
"G1701";"G1402";0.5
"G1701";"G1403";0.5
"G1701";"G1503";0.9
"G1701";"G1703";0.9
"G1702";"G1501";0.9
"G1702";"G1502";0.9
"G1702";"G1603";0.9
"G1702";"G1701";0.5
"G1702";"G1703";0.5
"G1702";"G1803";0.5
"G1702";"K2501";0.5
"G1702";"K2503";0.5
"G1702";"M1601";0.5
"G1702";"N2203";0.9
"G1702";"N4102";0.9
"G1702";"N4104";0.9
"G1703";"G1101";0.9
"G1703";"G1303";0.5
"G1703";"G1401";0.9
"G1703";"G1402";0.5
"G1703";"G1502";0.9
"G1703";"G1503";0.9
"G1703";"G1701";0.9
"G1703";"M1601";0.9
"G1703";"N2201";0.5
"G1801";"G1401";0.5
"G1801";"G1402";0.5
"G1801";"G1403";0.5
"G1801";"G1603";0.9
"G1801";"G1803";0.9
"G1801";"G1804";0.5
"G1801";"K1203";0.5
"G1801";"K1203";0.5
"G1802";"E1107";0.5
"G1802";"G1401";0.5
"G1802";"G1402";0.5
"G1802";"G1804";0.5
"G1802";"K2111";0.5
"G1803";"G1401";0.5
"G1803";"G1402";0.5
"G1803";"G1403";0.5
"G1803";"G1603";0.9
"G1803";"G1801";0.9
"G1803";"G1802";0.5
"G1803";"G1804";0.5
"G1804";"A1413";0.5
"G1804";"D1407";0.5
"G1804";"D1502";0.5
"G1804";"G1401";0.5
"G1804";"G1602";0.5
"G1804";"G1801";0.9
"G1804";"G1802";0.9
"G1804";"G1803";0.9
"H1101";"H1102";0.5
"H1101";"H1206";0.9
"H1101";"H1207";0.9
"H1101";"H1402";0.9
"H1101";"I1102";0.9
"H1101";"M1101";0.9
"H1101";"M1704";0.5
"H1102";"C1503";0.5
"H1102";"D1406";0.9
"H1102";"D1407";0.9
"H1102";"H1101";0.9
"H1102";"M1102";0.5
"H1102";"M1301";0.5
"H1102";"M1302";0.5
"H1102";"M1402";0.5
"H1102";"M1707";0.9
"H1201";"B1805";0.5
"H1201";"H1206";0.5
"H1201";"H1210";0.9
"H1201";"H1404";0.5
"H1201";"H1503";0.9
"H1202";"D1407";0.5
"H1202";"F1104";0.5
"H1202";"H1102";0.5
"H1202";"H1203";0.9
"H1202";"H1206";0.5
"H1202";"H1207";0.9
"H1202";"H1208";0.9
"H1202";"H1209";0.9
"H1202";"H1301";0.5
"H1202";"I1305";0.9
"H1202";"K2109";0.5
"H1202";"K2111";0.5
"H1202";"M1101";0.5
"H1203";"D1402";0.5
"H1203";"D1407";0.5
"H1203";"F1104";0.9
"H1203";"H1102";0.5
"H1203";"H1202";0.9
"H1203";"H1204";0.5
"H1203";"H1206";0.5
"H1203";"H1207";0.9
"H1203";"H1404";0.9
"H1203";"K2109";0.5
"H1203";"K2111";0.5
"H1203";"M1101";0.5
"H1204";"B1805";0.9
"H1204";"E1205";0.9
"H1204";"F1102";0.9
"H1204";"H1203";0.9
"H1204";"H2209";0.9
"H1204";"K2105";0.5
"H1204";"K2111";0.5
"H1204";"M1702";0.9
"H1205";"B1803";0.5
"H1205";"B1805";0.5
"H1205";"D1407";0.5
"H1205";"E1205";0.5
"H1205";"H1404";0.9
"H1205";"H2412";0.9
"H1205";"H2412";0.9
"H1205";"H2412";0.9
"H1205";"H2505";0.5
"H1205";"K1203";0.5
"H1205";"K2109";0.5
"H1205";"K2111";0.5
"H1205";"M1101";0.5
"H1206";"H1101";0.5
"H1206";"H1102";0.5
"H1206";"H1302";0.5
"H1206";"H1303";0.5
"H1206";"H1402";0.9
"H1206";"H1501";0.9
"H1206";"H1502";0.5
"H1206";"H2502";0.5
"H1206";"I1102";0.5
"H1206";"K2108";0.5
"H1206";"K2402";0.9
"H1206";"M1301";0.5
"H1206";"M1302";0.5
"H1206";"M1402";0.5
"H1207";"E1108";0.5
"H1207";"H1101";0.5
"H1207";"H1102";0.5
"H1207";"H1202";0.9
"H1207";"H1203";0.9
"H1207";"H1404";0.5
"H1207";"K1601";0.5
"H1207";"K1601";0.5
"H1208";"D1407";0.5
"H1208";"H1101";0.5
"H1208";"H1102";0.5
"H1208";"H1202";0.9
"H1208";"H1206";0.5
"H1208";"H1207";0.5
"H1208";"H1209";0.9
"H1208";"I1302";0.9
"H1208";"I1304";0.9
"H1208";"K2109";0.5
"H1208";"K2111";0.5
"H1209";"D1407";0.5
"H1209";"H1101";0.5
"H1209";"H1202";0.9
"H1209";"H1206";0.5
"H1209";"H1207";0.5
"H1209";"H1208";0.9
"H1209";"H1210";0.9
"H1209";"H1504";0.9
"H1209";"I1602";0.5
"H1209";"K2111";0.5
"H1209";"M1804";0.5
"H1209";"M1805";0.5
"H1210";"H1101";0.5
"H1210";"H1201";0.5
"H1210";"H1206";0.5
"H1210";"H1208";0.5
"H1210";"H1208";0.5
"H1210";"H1303";0.5
"H1210";"H1404";0.9
"H1210";"H1501";0.5
"H1210";"H1503";0.9
"H1210";"H1506";0.9
"H1301";"C1106";0.5
"H1301";"F1103";0.9
"H1301";"H1302";0.5
"H1301";"H1303";0.9
"H1301";"H1503";0.9
"H1301";"H1506";0.9
"H1301";"K2111";0.5
"H1302";"C1106";0.5
"H1302";"H1501";0.9
"H1302";"H1502";0.9
"H1302";"H2502";0.5
"H1302";"I1102";0.5
"H1302";"K2306";0.9
"H1302";"M1402";0.5
"H1303";"H1301";0.9
"H1303";"H1302";0.5
"H1303";"H1503";0.9
"H1303";"H1506";0.9
"H1303";"K1705";0.9
"H1303";"K2111";0.5
"H1303";"K2306";0.5
"H1401";"H1402";0.9
"H1401";"H1502";0.5
"H1401";"H2502";0.5
"H1401";"I1102";0.5
"H1401";"M1301";0.5
"H1401";"M1302";0.5
"H1401";"M1402";0.5
"H1401";"N1301";0.9
"H1401";"N1302";0.9
"H1401";"N4201";0.5
"H1402";"H1206";0.5
"H1402";"H1302";0.5
"H1402";"H1502";0.5
"H1402";"H2502";0.5
"H1402";"I1102";0.5
"H1402";"K2111";0.5
"H1402";"M1402";0.5
"H1403";"H1401";0.5
"H1403";"H1404";0.9
"H1403";"H2504";0.5
"H1403";"H2805";0.9
"H1403";"I1103";0.5
"H1403";"N1301";0.5
"H1403";"N1302";0.5
"H1403";"N1303";0.9
"H1404";"D1407";0.5
"H1404";"H1101";0.9
"H1404";"H1202";0.9
"H1404";"H1203";0.9
"H1404";"H1207";0.9
"H1404";"H1209";0.5
"H1404";"H1210";0.5
"H1404";"H1303";0.5
"H1404";"H1402";0.5
"H1404";"H1403";0.9
"H1404";"H1504";0.9
"H1404";"H1506";0.9
"H1404";"H2209";0.5
"H1404";"H2503";0.5
"H1404";"K2111";0.5
"H1501";"H1206";0.5
"H1501";"H1302";0.9
"H1501";"H1502";0.9
"H1501";"H2502";0.9
"H1501";"K2402";0.5
"H1502";"H1302";0.9
"H1502";"H1501";0.9
"H1502";"H2502";0.5
"H1502";"M1402";0.5
"H1503";"H1206";0.5
"H1503";"H1210";0.9
"H1503";"H1303";0.5
"H1503";"H1404";0.5
"H1503";"H1501";0.5
"H1503";"H1502";0.5
"H1503";"H1506";0.9
"H1503";"J1302";0.9
"H1504";"H1101";0.5
"H1504";"H1207";0.5
"H1504";"H1209";0.9
"H1504";"H1301";0.5
"H1504";"H1502";0.5
"H1504";"H1506";0.5
"H1504";"H2501";0.5
"H1504";"K2111";0.5
"H1505";"H1206";0.5
"H1505";"H1210";0.9
"H1505";"H1501";0.5
"H1505";"H1502";0.5
"H1505";"M1702";0.5
"H1505";"M1703";0.5
"H1506";"H1101";0.5
"H1506";"H1207";0.5
"H1506";"H1210";0.5
"H1506";"H1301";0.9
"H1506";"H1303";0.9
"H1506";"H1404";0.9
"H1506";"H1501";0.5
"H1506";"H1502";0.5
"H1506";"H1503";0.9
"H1506";"H1504";0.5
"H1506";"H2503";0.9
"H1506";"K2111";0.5
"H2101";"D1101";0.5
"H2101";"D1103";0.5
"H2101";"H2102";0.9
"H2101";"H2407";0.9
"H2101";"H3303";0.9
"H2102";"A1413";0.9
"H2102";"A1413";0.9
"H2102";"H1403";0.5
"H2102";"H1404";0.5
"H2102";"H2301";0.9
"H2102";"H2403";0.9
"H2102";"H2404";0.9
"H2102";"H2504";0.5
"H2102";"H2603";0.9
"H2102";"H2801";0.9
"H2102";"H2803";0.9
"H2102";"H2912";0.5
"H2102";"H3102";0.9
"H2102";"H3201";0.9
"H2102";"H3301";0.9
"H2102";"H3302";0.9
"H2102";"H3303";0.9
"H2201";"F1503";0.5
"H2201";"F1604";0.9
"H2201";"H2204";0.5
"H2201";"H2206";0.5
"H2201";"H2207";0.5
"H2201";"H2909";0.9
"H2202";"F1503";0.5
"H2202";"H2201";0.9
"H2202";"H2203";0.9
"H2202";"H2204";0.5
"H2202";"H2206";0.5
"H2202";"H2209";0.5
"H2202";"H2903";0.5
"H2202";"H2905";0.5
"H2202";"H2906";0.5
"H2202";"H2912";0.5
"H2202";"H3404";0.9
"H2203";"H2202";0.9
"H2203";"H2204";0.5
"H2203";"H2205";0.9
"H2203";"H2209";0.5
"H2203";"H2301";0.5
"H2203";"H3101";0.5
"H2203";"H3102";0.9
"H2203";"H3303";0.9
"H2204";"D1407";0.5
"H2204";"H2209";0.9
"H2204";"H2502";0.5
"H2204";"H2504";0.5
"H2204";"K2109";0.5
"H2204";"K2111";0.5
"H2204";"M1101";0.5
"H2205";"A1201";0.5
"H2205";"H2202";0.9
"H2205";"H2203";0.5
"H2205";"H2204";0.5
"H2205";"N1104";0.5
"H2206";"B1301";0.5
"H2206";"D1212";0.9
"H2206";"D1213";0.9
"H2206";"D1402";0.5
"H2206";"D1407";0.5
"H2206";"F1503";0.9
"H2206";"H2201";0.9
"H2206";"H2202";0.9
"H2206";"H2204";0.5
"H2206";"H2207";0.5
"H2206";"H2208";0.5
"H2206";"H2209";0.5
"H2206";"K1203";0.5
"H2206";"K1203";0.5
"H2206";"K2111";0.5
"H2206";"L1503";0.9
"H2207";"B1101";0.5
"H2207";"D1201";0.5
"H2207";"D1212";0.9
"H2207";"H2201";0.9
"H2207";"H2204";0.5
"H2207";"H2206";0.9
"H2207";"H2208";0.9
"H2207";"H2209";0.5
"H2207";"K1203";0.5
"H2207";"K2111";0.5
"H2207";"L1503";0.9
"H2208";"B1101";0.9
"H2208";"B1303";0.9
"H2208";"B1603";0.5
"H2208";"D1201";0.5
"H2208";"D1212";0.9
"H2208";"G1202";0.9
"H2208";"H2207";0.5
"H2208";"K1203";0.5
"H2208";"K2111";0.5
"H2209";"D1401";0.5
"H2209";"D1402";0.5
"H2209";"D1407";0.5
"H2209";"H1203";0.5
"H2209";"H1403";0.5
"H2209";"H1404";0.5
"H2209";"H2204";0.9
"H2209";"K2109";0.5
"H2209";"K2111";0.5
"H2209";"M1101";0.5
"H2301";"H1201";0.5
"H2301";"H1403";0.5
"H2301";"H1404";0.5
"H2301";"H2102";0.9
"H2301";"H2203";0.9
"H2301";"H2404";0.9
"H2301";"H2504";0.5
"H2301";"H2603";0.9
"H2301";"H2701";0.9
"H2301";"H2801";0.9
"H2301";"H3102";0.9
"H2301";"H3201";0.9
"H2301";"H3301";0.9
"H2301";"H3303";0.9
"H2301";"H3402";0.9
"H2301";"I1503";0.9
"H2401";"B1802";0.9
"H2401";"D1206";0.9
"H2401";"D1207";0.9
"H2401";"D1214";0.5
"H2401";"H1205";0.5
"H2401";"H2411";0.5
"H2401";"H2411";0.5
"H2401";"H2412";0.5
"H2401";"H2505";0.5
"H2402";"B1806";0.5
"H2402";"D1207";0.5
"H2402";"D1212";0.5
"H2402";"D1214";0.5
"H2402";"H2401";0.9
"H2402";"H2401";0.9
"H2402";"H2410";0.9
"H2402";"H2411";0.5
"H2402";"H2412";0.5
"H2402";"H2505";0.5
"H2402";"H2605";0.9
"H2402";"H2909";0.9
"H2403";"H1404";0.5
"H2403";"H2102";0.5
"H2403";"H2301";0.5
"H2403";"H2404";0.9
"H2403";"H2405";0.9
"H2403";"H2413";0.9
"H2403";"H2505";0.5
"H2403";"H2912";0.5
"H2403";"H3101";0.5
"H2403";"H3201";0.5
"H2403";"H3301";0.5
"H2403";"I1310";0.5
"H2404";"H2102";0.5
"H2404";"H2301";0.5
"H2404";"H2403";0.5
"H2404";"H2406";0.5
"H2404";"H2413";0.9
"H2404";"H2415";0.9
"H2404";"H2912";0.5
"H2404";"H3101";0.5
"H2404";"H3201";0.5
"H2404";"H3301";0.5
"H2404";"I1310";0.5
"H2405";"H1403";0.5
"H2405";"H1404";0.5
"H2405";"H2102";0.9
"H2405";"H2301";0.9
"H2405";"H2403";0.9
"H2405";"H2404";0.9
"H2405";"H2505";0.5
"H2405";"H2912";0.5
"H2405";"H3101";0.9
"H2405";"H3102";0.9
"H2405";"H3201";0.9
"H2405";"H3202";0.9
"H2405";"H3301";0.9
"H2405";"I1310";0.5
"H2406";"H1201";0.5
"H2406";"H2407";0.9
"H2406";"H2408";0.5
"H2406";"H2505";0.5
"H2406";"H2912";0.5
"H2406";"H3101";0.5
"H2406";"I1310";0.5
"H2406";"K2201";0.9
"H2407";"H1201";0.5
"H2407";"H2406";0.9
"H2407";"H2409";0.5
"H2407";"H2415";0.9
"H2407";"H2505";0.5
"H2407";"H3102";0.9
"H2407";"K2201";0.9
"H2408";"E1301";0.5
"H2408";"H1201";0.5
"H2408";"H2102";0.9
"H2408";"H2301";0.9
"H2408";"H2403";0.9
"H2408";"H2404";0.9
"H2408";"H2505";0.5
"H2408";"H2912";0.5
"H2408";"H3201";0.9
"H2408";"H3301";0.9
"H2408";"I1310";0.5
"H2409";"E1302";0.5
"H2409";"H1404";0.5
"H2409";"H2407";0.9
"H2409";"H2412";0.5
"H2409";"H2415";0.9
"H2409";"H2505";0.5
"H2409";"H2905";0.5
"H2410";"D1205";0.9
"H2410";"D1212";0.5
"H2410";"D1214";0.5
"H2410";"H2402";0.5
"H2410";"H2415";0.9
"H2410";"H2505";0.5
"H2410";"H2604";0.5
"H2410";"H2605";0.5
"H2410";"H2909";0.5
"H2410";"H3302";0.9
"H2410";"K2201";0.9
"H2410";"N1103";0.9
"H2411";"B1803";0.5
"H2411";"B1806";0.5
"H2411";"D1207";0.9
"H2411";"H1205";0.5
"H2411";"H2402";0.9
"H2411";"H2415";0.9
"H2411";"H2505";0.5
"H2411";"K2111";0.5
"H2412";"D1207";0.5
"H2412";"D1212";0.9
"H2412";"E1205";0.5
"H2412";"H1205";0.9
"H2412";"H1205";0.9
"H2412";"H2409";0.9
"H2412";"K2111";0.5
"H2413";"D1507";0.9
"H2413";"H2403";0.5
"H2413";"H2404";0.9
"H2413";"H2406";0.5
"H2413";"H2415";0.9
"H2413";"H2605";0.9
"H2413";"H2909";0.9
"H2413";"H2912";0.9
"H2413";"H3302";0.9
"H2413";"N1103";0.9
"H2414";"D1205";0.5
"H2414";"D1214";0.5
"H2414";"D1507";0.9
"H2414";"H2401";0.5
"H2414";"H2415";0.9
"H2414";"H2505";0.5
"H2414";"H2604";0.5
"H2414";"H2909";0.9
"H2414";"H3302";0.9
"H2414";"N1103";0.9
"H2415";"D1212";0.5
"H2415";"D1213";0.5
"H2415";"D1214";0.5
"H2415";"D1402";0.5
"H2415";"H1503";0.5
"H2415";"H2410";0.9
"H2415";"H2413";0.9
"H2415";"H2414";0.9
"H2415";"H3302";0.9
"H2415";"K2304";0.9
"H2501";"D1407";0.5
"H2501";"H1401";0.5
"H2501";"H1402";0.5
"H2501";"H1403";0.5
"H2501";"H1404";0.5
"H2501";"H2502";0.5
"H2501";"H2503";0.9
"H2501";"H2504";0.5
"H2501";"I1304";0.5
"H2502";"H1206";0.5
"H2502";"H1302";0.9
"H2502";"H1402";0.9
"H2502";"H1501";0.9
"H2502";"H1502";0.9
"H2502";"I1102";0.9
"H2502";"K2402";0.5
"H2502";"M1301";0.5
"H2502";"M1302";0.5
"H2502";"M1402";0.5
"H2503";"H1402";0.5
"H2503";"H1403";0.9
"H2503";"H1404";0.9
"H2503";"H1506";0.9
"H2503";"H2501";0.9
"H2503";"H2502";0.5
"H2503";"H2504";0.9
"H2503";"I1304";0.9
"H2504";"D1407";0.5
"H2504";"E1303";0.5
"H2504";"H1303";0.9
"H2504";"H1401";0.5
"H2504";"H1402";0.5
"H2504";"H1403";0.9
"H2504";"H1404";0.9
"H2504";"H2204";0.5
"H2504";"H2501";0.5
"H2504";"H2502";0.5
"H2504";"H2503";0.9
"H2504";"H2505";0.5
"H2504";"I1304";0.5
"H2504";"K2306";0.9
"H2504";"M1302";0.5
"H2505";"D1402";0.5
"H2505";"H1303";0.5
"H2505";"H1403";0.9
"H2505";"H1404";0.9
"H2505";"H2502";0.5
"H2505";"H2504";0.5
"H2505";"K1203";0.5
"H2505";"K2109";0.5
"H2505";"K2111";0.5
"H2505";"M1101";0.5
"H2601";"H2501";0.5
"H2601";"H2602";0.9
"H2601";"H2603";0.5
"H2601";"H2605";0.9
"H2601";"I1304";0.5
"H2602";"F1602";0.5
"H2602";"H2501";0.5
"H2602";"H2601";0.9
"H2602";"H2605";0.9
"H2602";"I1301";0.5
"H2602";"I1304";0.5
"H2602";"I1309";0.9
"H2603";"H1202";0.5
"H2603";"H1403";0.5
"H2603";"H1504";0.5
"H2603";"H2501";0.5
"H2603";"H2604";0.9
"H2603";"H2605";0.9
"H2603";"I1304";0.5
"H2604";"H1504";0.5
"H2604";"H2501";0.5
"H2604";"H2602";0.5
"H2604";"H2603";0.5
"H2604";"H2605";0.9
"H2604";"H2909";0.9
"H2604";"H3302";0.9
"H2605";"H2501";0.5
"H2605";"H2601";0.9
"H2605";"H2602";0.9
"H2605";"H2603";0.9
"H2605";"H2604";0.9
"H2605";"I1305";0.5
"H2701";"H1303";0.5
"H2701";"H1501";0.5
"H2701";"H2301";0.9
"H2701";"H2504";0.5
"H2701";"I1503";0.5
"H2701";"K2306";0.5
"H2801";"H2102";0.9
"H2801";"H2301";0.9
"H2801";"H2404";0.9
"H2801";"H2504";0.5
"H2801";"H2701";0.5
"H2801";"H2802";0.9
"H2801";"H2803";0.9
"H2801";"H2804";0.5
"H2801";"H2805";0.9
"H2801";"H2905";0.9
"H2801";"H2907";0.9
"H2801";"H2912";0.5
"H2801";"H3201";0.9
"H2801";"H3301";0.9
"H2801";"I1304";0.5
"H2802";"H1503";0.5
"H2802";"H2102";0.9
"H2802";"H2504";0.5
"H2802";"H2801";0.9
"H2802";"H2803";0.9
"H2802";"H2804";0.5
"H2802";"H2912";0.5
"H2802";"H3201";0.9
"H2802";"H3301";0.9
"H2802";"H3303";0.9
"H2803";"B1201";0.5
"H2803";"H2102";0.9
"H2803";"H2504";0.5
"H2803";"H2802";0.9
"H2803";"H2908";0.5
"H2803";"H2912";0.5
"H2803";"H3201";0.9
"H2803";"H3301";0.9
"H2803";"H3303";0.9
"H2803";"H3402";0.5
"H2803";"H3403";0.5
"H2804";"F1302";0.9
"H2804";"H1503";0.5
"H2804";"H2301";0.9
"H2804";"H2504";0.5
"H2804";"H2701";0.9
"H2804";"H2802";0.9
"H2804";"H2805";0.5
"H2804";"H2907";0.9
"H2804";"I1304";0.5
"H2804";"K2306";0.5
"H2805";"H1403";0.5
"H2805";"H1404";0.5
"H2805";"H1503";0.5
"H2805";"H2301";0.9
"H2805";"H2504";0.5
"H2805";"H2701";0.9
"H2805";"H2801";0.9
"H2805";"H2804";0.9
"H2805";"H2907";0.9
"H2805";"I1304";0.5
"H2901";"H1404";0.5
"H2901";"H1506";0.5
"H2901";"H2503";0.5
"H2901";"H2902";0.9
"H2901";"H2903";0.9
"H2901";"H2909";0.9
"H2901";"H2912";0.9
"H2901";"H3401";0.9
"H2901";"I1302";0.5
"H2901";"I1304";0.5
"H2901";"I1310";0.5
"H2902";"H1203";0.5
"H2902";"H1203";0.5
"H2902";"H1203";0.5
"H2902";"H2503";0.5
"H2902";"H2905";0.9
"H2902";"H2911";0.9
"H2902";"H2913";0.9
"H2902";"H2914";0.9
"H2903";"H1404";0.5
"H2903";"H1506";0.5
"H2903";"H2202";0.9
"H2903";"H2503";0.5
"H2903";"H2901";0.5
"H2903";"H2904";0.9
"H2903";"H2905";0.9
"H2903";"H2906";0.9
"H2903";"H2912";0.5
"H2904";"H2503";0.5
"H2904";"H2905";0.9
"H2904";"H2906";0.9
"H2904";"H2907";0.9
"H2904";"H3402";0.9
"H2905";"H2503";0.5
"H2905";"H2801";0.9
"H2905";"H2903";0.9
"H2905";"H2904";0.9
"H2905";"H2906";0.9
"H2905";"H2907";0.9
"H2905";"H2909";0.9
"H2906";"H2102";0.9
"H2906";"H2503";0.5
"H2906";"H2903";0.9
"H2906";"H2904";0.9
"H2906";"H2905";0.9
"H2906";"H2907";0.9
"H2906";"H2909";0.9
"H2906";"H2912";0.5
"H2906";"H3102";0.9
"H2906";"H3301";0.9
"H2906";"H3401";0.9
"H2906";"H3402";0.9
"H2906";"H3404";0.9
"H2907";"H1506";0.5
"H2907";"H2701";0.9
"H2907";"H2801";0.9
"H2907";"H2804";0.9
"H2907";"H2805";0.9
"H2907";"H2904";0.9
"H2907";"H2905";0.9
"H2907";"H2906";0.9
"H2907";"H3402";0.9
"H2907";"I1304";0.5
"H2908";"H2903";0.5
"H2908";"H2910";0.9
"H2908";"H3203";0.5
"H2909";"H1506";0.5
"H2909";"H2503";0.5
"H2909";"H2604";0.9
"H2909";"H2901";0.5
"H2909";"H2905";0.9
"H2909";"H2906";0.9
"H2909";"H3301";0.9
"H2909";"H3302";0.9
"H2909";"H3403";0.5
"H2909";"N1101";0.5
"H2910";"H2907";0.5
"H2910";"H2908";0.9
"H2910";"H3203";0.5
"H2911";"F1502";0.9
"H2911";"H1203";0.5
"H2911";"H1203";0.5
"H2911";"H1203";0.5
"H2911";"H1203";0.5
"H2911";"H2503";0.5
"H2911";"H2902";0.9
"H2911";"H2913";0.9
"H2911";"H2914";0.9
"H2912";"H1506";0.5
"H2912";"H2503";0.5
"H2912";"H2901";0.9
"H2912";"H2903";0.9
"H2912";"H3202";0.9
"H2912";"I1304";0.5
"H2912";"I1310";0.9
"H2913";"H1506";0.5
"H2913";"H2503";0.5
"H2913";"H2602";0.5
"H2913";"H2902";0.9
"H2913";"H2905";0.9
"H2913";"H2906";0.9
"H2913";"H2909";0.9
"H2913";"H2911";0.9
"H2913";"H2914";0.9
"H2913";"I1304";0.5
"H2914";"H1203";0.5
"H2914";"H2503";0.5
"H2914";"H2902";0.9
"H2914";"H2911";0.9
"H2914";"H2913";0.9
"H3101";"E1302";0.9
"H3101";"H1404";0.5
"H3101";"H1503";0.5
"H3101";"H2405";0.9
"H3101";"H2406";0.9
"H3101";"H2413";0.9
"H3101";"H2504";0.5
"H3101";"H3301";0.9
"H3101";"I1304";0.5
"H3102";"H1503";0.5
"H3102";"H2102";0.5
"H3102";"H2203";0.9
"H3102";"H2301";0.5
"H3102";"H2405";0.5
"H3102";"H2406";0.5
"H3102";"H2407";0.9
"H3102";"H2504";0.5
"H3102";"H3101";0.5
"H3102";"H3303";0.9
"H3102";"I1304";0.5
"H3201";"H1403";0.5
"H3201";"H1503";0.5
"H3201";"H2102";0.9
"H3201";"H2301";0.9
"H3201";"H2405";0.9
"H3201";"H2504";0.5
"H3201";"H2603";0.9
"H3201";"H2801";0.9
"H3201";"H2802";0.9
"H3201";"H2803";0.9
"H3201";"H3101";0.9
"H3201";"H3202";0.5
"H3201";"H3203";0.5
"H3201";"H3301";0.9
"H3202";"H1403";0.5
"H3202";"H1404";0.5
"H3202";"H2504";0.5
"H3202";"H2901";0.5
"H3202";"H2912";0.9
"H3202";"I1304";0.5
"H3202";"I1310";0.9
"H3203";"H2908";0.5
"H3203";"H3201";0.5
"H3203";"H3402";0.9
"H3203";"H3404";0.5
"H3301";"E1302";0.9
"H3301";"H1404";0.5
"H3301";"H2102";0.9
"H3301";"H2301";0.9
"H3301";"H2504";0.5
"H3301";"H2801";0.9
"H3301";"H2802";0.9
"H3301";"H2803";0.9
"H3301";"H2909";0.9
"H3301";"H2912";0.5
"H3301";"H3101";0.9
"H3301";"H3201";0.9
"H3301";"I1303";0.5
"H3301";"I1304";0.5
"H3301";"N1103";0.9
"H3302";"A1401";0.9
"H3302";"A1402";0.9
"H3302";"A1403";0.9
"H3302";"B1302";0.5
"H3302";"E1301";0.5
"H3302";"E1301";0.5
"H3302";"E1304";0.9
"H3302";"F1706";0.9
"H3302";"H2201";0.9
"H3302";"H2410";0.5
"H3302";"H2413";0.9
"H3302";"H2414";0.5
"H3302";"H2415";0.9
"H3302";"H2504";0.5
"H3302";"H2604";0.5
"H3302";"H2909";0.9
"H3302";"H3301";0.5
"H3302";"H3303";0.9
"H3302";"I1310";0.5
"H3302";"K2201";0.9
"H3302";"K2304";0.9
"H3302";"N1103";0.9
"H3302";"N1105";0.9
"H3303";"F1706";0.9
"H3303";"H1201";0.5
"H3303";"H2102";0.5
"H3303";"H2301";0.5
"H3303";"H2406";0.5
"H3303";"H2504";0.5
"H3303";"H2802";0.5
"H3303";"H2803";0.5
"H3303";"H3102";0.5
"H3303";"H3201";0.5
"H3303";"H3301";0.5
"H3303";"H3302";0.9
"H3303";"N1101";0.5
"H3303";"N1103";0.9
"H3303";"N1105";0.9
"H3401";"H2503";0.5
"H3401";"H2903";0.5
"H3401";"H2906";0.9
"H3401";"H3402";0.9
"H3401";"H3403";0.9
"H3401";"H3404";0.9
"H3402";"H2503";0.5
"H3402";"H2904";0.9
"H3402";"H2906";0.9
"H3402";"H2907";0.9
"H3402";"H3203";0.9
"H3402";"H3401";0.9
"H3402";"H3403";0.9
"H3402";"H3404";0.9
"H3403";"H2503";0.5
"H3403";"H2906";0.9
"H3403";"H2907";0.9
"H3403";"H3401";0.9
"H3403";"H3402";0.9
"H3404";"H2503";0.5
"H3404";"H2906";0.9
"H3404";"H2909";0.9
"H3404";"H3203";0.9
"H3404";"H3401";0.9
"H3404";"H3402";0.9
"H3404";"I1606";0.9
"I1101";"C1503";0.5
"I1101";"F1101";0.5
"I1101";"F1103";0.5
"I1101";"F1106";0.9
"I1101";"F1201";0.9
"I1101";"F1204";0.5
"I1101";"H1302";0.5
"I1101";"I1102";0.9
"I1101";"M1402";0.5
"I1102";"H1101";0.9
"I1102";"H1302";0.5
"I1102";"H1402";0.5
"I1102";"H1502";0.5
"I1102";"H2502";0.9
"I1102";"I1304";0.9
"I1102";"K2306";0.5
"I1102";"M1402";0.5
"I1103";"D1204";0.9
"I1103";"D1402";0.9
"I1103";"D1404";0.9
"I1103";"D1407";0.5
"I1103";"H2503";0.9
"I1103";"N4203";0.5
"I1103";"N4204";0.5
"I1201";"F1609";0.9
"I1201";"I1202";0.9
"I1201";"I1203";0.9
"I1201";"I1303";0.5
"I1201";"I1304";0.5
"I1201";"K2203";0.5
"I1201";"K2303";0.9
"I1201";"N4105";0.5
"I1202";"A1203";0.9
"I1202";"F1302";0.5
"I1202";"F1702";0.9
"I1202";"I1201";0.5
"I1202";"I1203";0.9
"I1202";"K1705";0.5
"I1202";"K1707";0.5
"I1202";"K2301";0.9
"I1202";"K2303";0.9
"I1202";"N4105";0.9
"I1203";"A1203";0.5
"I1203";"F1602";0.5
"I1203";"F1603";0.5
"I1203";"F1606";0.5
"I1203";"I1201";0.9
"I1203";"I1309";0.5
"I1203";"K2204";0.9
"I1203";"K2501";0.9
"I1301";"D1402";0.5
"I1301";"H1301";0.5
"I1301";"I1302";0.9
"I1301";"I1304";0.9
"I1301";"I1309";0.9
"I1301";"I1310";0.9
"I1301";"I1603";0.9
"I1301";"K2111";0.5
"I1302";"D1402";0.5
"I1302";"D1407";0.5
"I1302";"H1101";0.5
"I1302";"H1208";0.5
"I1302";"I1102";0.5
"I1302";"I1301";0.5
"I1302";"I1304";0.9
"I1302";"I1305";0.5
"I1302";"K2111";0.5
"I1303";"I1305";0.5
"I1303";"I1307";0.5
"I1303";"I1309";0.5
"I1303";"I1401";0.5
"I1304";"D1402";0.5
"I1304";"D1407";0.5
"I1304";"H1203";0.5
"I1304";"H1208";0.5
"I1304";"H1209";0.5
"I1304";"H1301";0.5
"I1304";"H2503";0.9
"I1304";"I1102";0.5
"I1304";"I1301";0.5
"I1304";"I1302";0.9
"I1304";"I1309";0.9
"I1304";"I1310";0.9
"I1305";"D1407";0.5
"I1305";"H1101";0.5
"I1305";"H1202";0.5
"I1305";"H1208";0.5
"I1305";"H1209";0.5
"I1305";"H1301";0.5
"I1305";"H1504";0.9
"I1305";"I1102";0.5
"I1305";"I1301";0.5
"I1305";"I1304";0.5
"I1305";"I1307";0.5
"I1305";"I1401";0.5
"I1305";"I1402";0.9
"I1305";"I1602";0.5
"I1305";"K2109";0.5
"I1305";"K2111";0.5
"I1306";"D1402";0.5
"I1306";"D1403";0.5
"I1306";"D1407";0.5
"I1306";"F1602";0.9
"I1306";"F1603";0.9
"I1306";"H1301";0.5
"I1306";"I1102";0.5
"I1306";"I1308";0.9
"I1306";"K2109";0.5
"I1306";"K2111";0.5
"I1307";"D1402";0.5
"I1307";"D1407";0.5
"I1307";"F1605";0.9
"I1307";"H1101";0.5
"I1307";"H1202";0.5
"I1307";"H1209";0.5
"I1307";"I1401";0.9
"I1307";"I1402";0.5
"I1307";"K2111";0.5
"I1307";"M1801";0.5
"I1307";"M1802";0.5
"I1307";"M1804";0.5
"I1307";"M1810";0.5
"I1308";"D1402";0.5
"I1308";"D1403";0.5
"I1308";"D1407";0.5
"I1308";"H1301";0.5
"I1308";"H1503";0.9
"I1308";"H2602";0.9
"I1308";"H2701";0.9
"I1308";"I1102";0.5
"I1308";"I1306";0.9
"I1308";"K2109";0.5
"I1308";"K2111";0.5
"I1309";"D1407";0.5
"I1309";"F1602";0.9
"I1309";"H1209";0.5
"I1309";"H1301";0.5
"I1309";"H2501";0.5
"I1309";"H2602";0.9
"I1309";"I1102";0.5
"I1309";"I1301";0.5
"I1309";"I1304";0.9
"I1310";"H1404";0.5
"I1310";"H2503";0.5
"I1310";"H2901";0.9
"I1310";"H2912";0.9
"I1310";"I1301";0.5
"I1310";"I1302";0.5
"I1310";"I1304";0.9
"I1401";"D1402";0.5
"I1401";"D1407";0.5
"I1401";"H1101";0.5
"I1401";"I1307";0.9
"I1401";"I1402";0.5
"I1401";"K2109";0.5
"I1401";"K2111";0.5
"I1401";"K2111";0.5
"I1401";"M1810";0.5
"I1402";"D1212";0.5
"I1402";"D1213";0.5
"I1402";"D1402";0.5
"I1402";"H1504";0.5
"I1402";"I1305";0.5
"I1402";"I1401";0.5
"I1402";"K1203";0.5
"I1402";"K2111";0.5
"I1501";"F1502";0.9
"I1501";"F1611";0.9
"I1501";"G1204";0.9
"I1501";"K2202";0.9
"I1502";"A1415";0.9
"I1502";"D1204";0.5
"I1502";"D1204";0.5
"I1502";"D1211";0.5
"I1502";"D1404";0.5
"I1502";"G1204";0.5
"I1502";"G1403";0.5
"I1502";"I1601";0.5
"I1502";"K1701";0.9
"I1502";"K1705";0.9
"I1502";"K1706";0.9
"I1502";"K2110";0.5
"I1502";"N3102";0.9
"I1503";"F1103";0.5
"I1503";"H1303";0.5
"I1503";"I1304";0.5
"I1503";"K1705";0.5
"I1601";"D1204";0.5
"I1601";"D1211";0.9
"I1601";"D1213";0.9
"I1601";"H2206";0.9
"I1601";"H3203";0.5
"I1601";"I1605";0.9
"I1602";"H1301";0.5
"I1602";"I1305";0.9
"I1603";"D1402";0.5
"I1603";"D1404";0.5
"I1603";"I1103";0.9
"I1603";"I1304";0.5
"I1603";"I1310";0.5
"I1603";"I1604";0.9
"I1603";"I1605";0.5
"I1603";"I1607";0.9
"I1604";"D1204";0.5
"I1604";"D1404";0.5
"I1604";"I1103";0.5
"I1604";"I1304";0.5
"I1604";"I1310";0.5
"I1604";"I1603";0.9
"I1604";"I1605";0.5
"I1604";"I1606";0.5
"I1604";"I1607";0.9
"I1604";"K1203";0.5
"I1604";"K1203";0.5
"I1605";"D1204";0.5
"I1605";"D1204";0.5
"I1605";"D1404";0.5
"I1605";"D1407";0.5
"I1605";"H1301";0.5
"I1605";"I1304";0.5
"I1605";"I1306";0.5
"I1605";"I1310";0.5
"I1605";"I1601";0.5
"I1605";"I1603";0.5
"I1605";"I1604";0.9
"I1605";"I1607";0.5
"I1605";"K2111";0.5
"I1605";"N3102";0.9
"I1606";"D1402";0.5
"I1606";"D1404";0.5
"I1606";"H2902";0.9
"I1606";"H3203";0.5
"I1606";"H3404";0.5
"I1606";"I1604";0.5
"I1607";"D1204";0.5
"I1607";"D1404";0.5
"I1607";"I1603";0.5
"I1607";"I1604";0.9
"I1607";"I1606";0.5
"J1101";"J1102";0.9
"J1101";"K1402";0.5
"J1101";"K1402";0.5
"J1101";"K2108";0.9
"J1101";"K2402";0.9
"J1102";"D1406";0.9
"J1102";"J1101";0.9
"J1102";"J1201";0.5
"J1102";"K1402";0.5
"J1102";"K1402";0.5
"J1102";"K1403";0.5
"J1102";"K2108";0.9
"J1102";"K2402";0.9
"J1102";"M1703";0.9
"J1102";"M1707";0.9
"J1103";"D1406";0.9
"J1103";"K1402";0.9
"J1103";"K1402";0.9
"J1103";"K2108";0.9
"J1103";"M1703";0.9
"J1104";"J1502";0.5
"J1104";"J1507";0.9
"J1104";"K1103";0.5
"J1104";"K2111";0.9
"J1201";"J1102";0.9
"J1201";"J1202";0.9
"J1201";"K1402";0.5
"J1201";"K1402";0.5
"J1201";"K2108";0.9
"J1202";"D1406";0.9
"J1202";"J1201";0.5
"J1202";"K1402";0.5
"J1202";"K1402";0.5
"J1202";"K2108";0.9
"J1202";"K2402";0.9
"J1202";"M1703";0.9
"J1202";"M1707";0.9
"J1301";"D1203";0.9
"J1301";"G1502";0.9
"J1301";"J1305";0.5
"J1301";"J1501";0.5
"J1301";"K1303";0.5
"J1301";"K1304";0.9
"J1301";"K2204";0.9
"J1301";"K2601";0.9
"J1302";"D1405";0.9
"J1302";"H1210";0.9
"J1302";"H1503";0.9
"J1302";"J1502";0.5
"J1302";"K2111";0.9
"J1303";"D1203";0.9
"J1303";"G1703";0.5
"J1303";"K2601";0.9
"J1303";"M1601";0.9
"J1303";"M1609";0.9
"J1304";"G1203";0.9
"J1304";"J1501";0.9
"J1304";"J1505";0.5
"J1304";"J1506";0.5
"J1304";"J1507";0.5
"J1304";"K1202";0.5
"J1304";"K1301";0.9
"J1305";"J1301";0.9
"J1305";"J1303";0.9
"J1305";"J1304";0.5
"J1305";"J1501";0.5
"J1305";"K1705";0.9
"J1305";"K1705";0.9
"J1305";"N4102";0.9
"J1305";"N4204";0.5
"J1306";"D1402";0.5
"J1306";"D1405";0.5
"J1306";"D1407";0.5
"J1306";"J1502";0.5
"J1306";"K1103";0.9
"J1306";"K2111";0.9
"J1307";"D1214";0.9
"J1307";"D1405";0.5
"J1307";"J1502";0.5
"J1307";"K2111";0.5
"J1401";"D1301";0.9
"J1401";"D1403";0.9
"J1401";"D1405";0.9
"J1401";"K2111";0.5
"J1402";"D1405";0.9
"J1402";"H1502";0.9
"J1402";"H2502";0.9
"J1402";"J1502";0.5
"J1402";"K1103";0.5
"J1402";"K1205";0.9
"J1402";"K2111";0.9
"J1403";"D1405";0.5
"J1403";"J1502";0.5
"J1403";"K2103";0.9
"J1403";"K2111";0.9
"J1403";"M1402";0.5
"J1404";"J1408";0.9
"J1404";"J1502";0.5
"J1404";"K1103";0.9
"J1404";"K2111";0.9
"J1405";"D1214";0.9
"J1405";"D1301";0.9
"J1405";"D1402";0.9
"J1405";"D1405";0.9
"J1405";"H2901";0.5
"J1405";"K2111";0.5
"J1406";"D1405";0.5
"J1406";"J1502";0.5
"J1406";"K1103";0.9
"J1406";"K2111";0.9
"J1407";"J1405";0.5
"J1407";"J1502";0.5
"J1407";"K2111";0.9
"J1408";"J1404";0.5
"J1408";"K1103";0.9
"J1408";"K2111";0.9
"J1409";"D1405";0.5
"J1409";"J1411";0.5
"J1409";"J1502";0.5
"J1409";"K2111";0.9
"J1410";"D1402";0.9
"J1410";"D1405";0.5
"J1410";"J1401";0.5
"J1410";"J1411";0.9
"J1410";"J1411";0.9
"J1410";"K2111";0.9
"J1411";"B1802";0.9
"J1411";"B1802";0.9
"J1411";"D1206";0.9
"J1411";"D1402";0.5
"J1411";"D1403";0.5
"J1411";"D1405";0.5
"J1411";"J1410";0.9
"J1411";"K2111";0.9
"J1412";"D1405";0.5
"J1412";"J1502";0.5
"J1412";"K1103";0.5
"J1412";"K2103";0.9
"J1412";"K2111";0.9
"J1501";"J1304";0.5
"J1501";"J1505";0.5
"J1501";"J1506";0.5
"J1501";"K1301";0.9
"J1501";"K1302";0.9
"J1501";"K2601";0.9
"J1502";"K1103";0.9
"J1502";"K1403";0.5
"J1502";"K2103";0.9
"J1502";"K2111";0.9
"J1503";"J1502";0.5
"J1503";"J1504";0.5
"J1503";"J1505";0.9
"J1503";"J1506";0.9
"J1503";"J1507";0.5
"J1503";"K1103";0.5
"J1503";"K1403";0.5
"J1503";"K2111";0.9
"J1504";"D1405";0.9
"J1504";"J1502";0.5
"J1504";"J1503";0.5
"J1504";"J1505";0.9
"J1504";"J1506";0.9
"J1504";"J1507";0.5
"J1504";"K1103";0.5
"J1504";"K1403";0.5
"J1504";"K1403";0.5
"J1504";"K2111";0.9
"J1505";"D1405";0.9
"J1505";"J1502";0.5
"J1505";"J1503";0.5
"J1505";"J1504";0.5
"J1505";"J1506";0.9
"J1505";"J1507";0.5
"J1505";"K1103";0.5
"J1505";"K1403";0.5
"J1505";"K2111";0.9
"J1506";"D1405";0.9
"J1506";"J1502";0.5
"J1506";"J1503";0.5
"J1506";"J1504";0.5
"J1506";"J1505";0.9
"J1506";"J1507";0.5
"J1506";"K1103";0.5
"J1506";"K1403";0.5
"J1506";"K2111";0.9
"J1507";"D1405";0.9
"J1507";"J1502";0.5
"J1507";"J1503";0.5
"J1507";"J1504";0.5
"J1507";"J1505";0.9
"J1507";"J1506";0.9
"J1507";"K1103";0.5
"J1507";"K1403";0.5
"J1507";"K2111";0.9
"K1101";"K1102";0.9
"K1101";"K1104";0.5
"K1101";"K1202";0.9
"K1101";"K1205";0.9
"K1101";"K1301";0.9
"K1101";"K1403";0.5
"K1101";"K2111";0.5
"K1102";"C1102";0.5
"K1102";"K1101";0.5
"K1102";"K1201";0.5
"K1102";"K1205";0.9
"K1102";"K1403";0.5
"K1103";"D1301";0.9
"K1103";"D1403";0.9
"K1103";"K2111";0.5
"K1104";"K1103";0.5
"K1104";"K2101";0.9
"K1104";"K2111";0.9
"K1104";"K2112";0.9
"K1104";"K2401";0.5
"K1201";"D1405";0.9
"K1201";"K1101";0.9
"K1201";"K1102";0.9
"K1201";"K1301";0.9
"K1201";"K1403";0.5
"K1201";"K1801";0.5
"K1201";"K2111";0.9
"K1202";"G1203";0.5
"K1202";"G1203";0.5
"K1202";"G1403";0.5
"K1202";"J1304";0.5
"K1202";"K1207";0.5
"K1202";"K2111";0.9
"K1203";"K1207";0.5
"K1203";"K1403";0.5
"K1203";"K1801";0.5
"K1203";"K2111";0.9
"K1204";"G1203";0.5
"K1204";"K1101";0.5
"K1204";"K1102";0.5
"K1204";"K1201";0.5
"K1204";"K1205";0.5
"K1204";"K1206";0.5
"K1204";"K1207";0.5
"K1204";"K1302";0.9
"K1204";"K1303";0.9
"K1204";"K2501";0.9
"K1204";"K2503";0.9
"K1204";"N4103";0.5
"K1204";"N4302";0.5
"K1205";"K1101";0.5
"K1205";"K1102";0.5
"K1205";"K1104";0.5
"K1205";"K1201";0.5
"K1205";"K1204";0.9
"K1205";"K1207";0.5
"K1205";"M1601";0.9
"K1206";"G1202";0.9
"K1206";"G1403";0.5
"K1206";"K1203";0.9
"K1206";"K1205";0.9
"K1206";"K1207";0.5
"K1206";"K1207";0.5
"K1206";"K1403";0.5
"K1206";"K1801";0.5
"K1206";"K1802";0.9
"K1206";"K1802";0.9
"K1206";"K2111";0.5
"K1207";"K1101";0.9
"K1207";"K1102";0.9
"K1207";"K1201";0.5
"K1207";"K1203";0.9
"K1207";"K1206";0.5
"K1207";"K1403";0.5
"K1207";"K2111";0.9
"K1301";"D1405";0.5
"K1301";"J1304";0.5
"K1301";"J1501";0.5
"K1301";"K1205";0.9
"K1301";"K1207";0.9
"K1301";"K2111";0.5
"K1302";"D1203";0.5
"K1302";"G1203";0.5
"K1302";"G1502";0.5
"K1302";"J1301";0.9
"K1302";"J1303";0.5
"K1302";"J1304";0.5
"K1302";"J1501";0.5
"K1302";"K1301";0.5
"K1302";"K1301";0.5
"K1302";"K1303";0.9
"K1302";"K1304";0.9
"K1302";"K1305";0.5
"K1303";"G1203";0.5
"K1303";"G1502";0.5
"K1303";"J1301";0.9
"K1303";"J1303";0.5
"K1303";"J1304";0.5
"K1303";"J1501";0.5
"K1303";"K1202";0.5
"K1303";"K1302";0.9
"K1303";"K1304";0.9
"K1304";"D1203";0.5
"K1304";"G1501";0.9
"K1304";"G1502";0.9
"K1304";"G1503";0.5
"K1304";"G1603";0.9
"K1304";"I1203";0.5
"K1304";"J1301";0.9
"K1304";"K1302";0.5
"K1304";"K1303";0.9
"K1304";"K2203";0.5
"K1304";"K2204";0.9
"K1304";"K2501";0.9
"K1305";"K1102";0.5
"K1305";"K1205";0.9
"K1305";"K1301";0.9
"K1305";"K1302";0.9
"K1305";"K1303";0.9
"K1305";"K1403";0.5
"K1305";"K1403";0.5
"K1305";"K2111";0.5
"K1401";"K1405";0.5
"K1401";"M1301";0.5
"K1402";"A1504";0.9
"K1402";"J1101";0.9
"K1402";"J1102";0.9
"K1402";"J1103";0.9
"K1402";"J1202";0.9
"K1402";"J1202";0.9
"K1402";"K2108";0.9
"K1402";"K2402";0.9
"K1403";"K2103";0.9
"K1403";"K2108";0.5
"K1403";"M1301";0.5
"K1403";"M1302";0.9
"K1403";"M1402";0.5
"K1404";"K1401";0.5
"K1404";"M1301";0.5
"K1404";"M1402";0.9
"K1405";"M1301";0.9
"K1501";"K1503";0.5
"K1501";"K1504";0.5
"K1501";"K1505";0.5
"K1501";"M1203";0.9
"K1502";"K1401";0.5
"K1502";"K1404";0.5
"K1502";"K1505";0.9
"K1503";"K1401";0.5
"K1503";"K1404";0.5
"K1503";"K1505";0.5
"K1504";"K1503";0.9
"K1504";"K1505";0.9
"K1504";"M1203";0.5
"K1504";"M1204";0.5
"K1505";"H1303";0.9
"K1505";"K1401";0.5
"K1505";"K1404";0.5
"K1505";"K1504";0.9
"K1601";"E1101";0.9
"K1601";"E1103";0.5
"K1601";"E1106";0.5
"K1601";"G1202";0.9
"K1601";"K1206";0.5
"K1601";"K1602";0.5
"K1601";"K2401";0.5
"K1601";"M1702";0.5
"K1602";"E1106";0.5
"K1602";"G1102";0.9
"K1602";"G1201";0.5
"K1602";"G1403";0.5
"K1602";"G1403";0.5
"K1602";"K1206";0.9
"K1602";"K1601";0.9
"K1602";"K1802";0.9
"K1602";"K1802";0.9
"K1602";"K2401";0.5
"K1602";"L1302";0.5
"K1602";"M1302";0.9
"K1701";"A1101";0.9
"K1701";"F1302";0.9
"K1701";"I1302";0.5
"K1701";"I1304";0.5
"K1701";"I1305";0.5
"K1701";"I1307";0.5
"K1701";"I1310";0.5
"K1701";"K1403";0.5
"K1701";"K1705";0.9
"K1701";"K1706";0.9
"K1701";"K2110";0.5
"K1701";"K2111";0.5
"K1701";"K2502";0.5
"K1701";"K2503";0.9
"K1701";"M1807";0.9
"K1701";"N1303";0.5
"K1701";"N2204";0.9
"K1701";"N3101";0.5
"K1701";"N4101";0.9
"K1702";"H1301";0.5
"K1702";"H1302";0.9
"K1702";"K1703";0.9
"K1702";"K2111";0.5
"K1702";"K2502";0.9
"K1702";"M1402";0.5
"K1703";"F1202";0.9
"K1703";"H1102";0.5
"K1703";"H1302";0.5
"K1703";"H1502";0.5
"K1703";"H2502";0.5
"K1703";"I1102";0.5
"K1703";"K1702";0.9
"K1703";"K2502";0.5
"K1703";"M1302";0.5
"K1703";"M1402";0.5
"K1703";"M1503";0.5
"K1703";"N1302";0.9
"K1703";"N2102";0.9
"K1703";"N2202";0.9
"K1703";"N3101";0.9
"K1703";"N4201";0.9
"K1704";"K1404";0.9
"K1704";"K1505";0.9
"K1704";"K1904";0.5
"K1704";"K2502";0.9
"K1704";"M1402";0.5
"K1705";"G1204";0.5
"K1705";"H1302";0.5
"K1705";"H1303";0.9
"K1705";"I1502";0.9
"K1705";"I1503";0.9
"K1705";"J1305";0.9
"K1705";"K1701";0.9
"K1705";"K1702";0.5
"K1705";"K1706";0.9
"K1705";"K2111";0.5
"K1705";"K2502";0.5
"K1705";"K2503";0.9
"K1705";"K2503";0.9
"K1706";"K1701";0.5
"K1706";"K1704";0.5
"K1706";"K1705";0.9
"K1706";"K1707";0.9
"K1706";"K2502";0.5
"K1706";"K2503";0.9
"K1707";"A1204";0.9
"K1707";"I1202";0.9
"K1707";"K1705";0.5
"K1707";"K1706";0.9
"K1707";"K2501";0.9
"K1707";"K2502";0.5
"K1707";"K2503";0.9
"K1707";"N4302";0.9
"K1801";"D1402";0.5
"K1801";"K1403";0.5
"K1801";"K2101";0.9
"K1801";"K2112";0.9
"K1801";"M1302";0.5
"K1801";"M1502";0.9
"K1802";"G1102";0.9
"K1802";"G1403";0.5
"K1802";"K1206";0.9
"K1802";"K1403";0.5
"K1802";"M1302";0.5
"K1802";"M1402";0.9
"K1802";"M1403";0.5
"K1901";"C1503";0.5
"K1901";"K1102";0.5
"K1901";"K1102";0.5
"K1901";"K1902";0.9
"K1901";"K1903";0.5
"K1902";"K1102";0.5
"K1902";"K1901";0.5
"K1902";"K1903";0.5
"K1902";"K1903";0.5
"K1902";"M1607";0.9
"K1902";"M1607";0.9
"K1903";"C1205";0.5
"K1903";"C1503";0.5
"K1903";"E1106";0.5
"K1903";"K1404";0.5
"K1903";"K1901";0.9
"K1903";"K2108";0.5
"K1903";"M1201";0.5
"K1904";"K1404";0.5
"K1904";"K2108";0.5
"K2101";"K1403";0.5
"K2101";"K1801";0.9
"K2101";"K2102";0.9
"K2101";"K2103";0.5
"K2101";"K2111";0.9
"K2101";"K2112";0.9
"K2101";"M1302";0.5
"K2101";"M1402";0.5
"K2101";"M1502";0.5
"K2102";"K1403";0.5
"K2102";"K1801";0.9
"K2102";"K2101";0.9
"K2102";"K2103";0.5
"K2102";"K2111";0.9
"K2102";"M1302";0.5
"K2102";"M1402";0.5
"K2102";"M1502";0.9
"K2102";"M1503";0.5
"K2103";"K1403";0.9
"K2103";"K1404";0.5
"K2103";"M1301";0.9
"K2103";"M1302";0.9
"K2104";"K1403";0.5
"K2104";"K2103";0.5
"K2104";"K2106";0.9
"K2104";"K2106";0.9
"K2104";"K2107";0.9
"K2105";"B1101";0.9
"K2105";"E1205";0.9
"K2105";"E1205";0.9
"K2105";"H1204";0.9
"K2105";"K2102";0.5
"K2105";"K2103";0.5
"K2105";"K2107";0.5
"K2105";"K2107";0.5
"K2105";"K2108";0.5
"K2105";"K2111";0.9
"K2105";"L1201";0.9
"K2105";"L1202";0.9
"K2105";"L1203";0.9
"K2105";"L1204";0.9
"K2105";"L1301";0.9
"K2106";"K1104";0.5
"K2106";"K1403";0.5
"K2106";"K1601";0.5
"K2106";"K2101";0.5
"K2106";"K2103";0.5
"K2106";"K2105";0.5
"K2106";"K2107";0.9
"K2106";"K2112";0.5
"K2107";"K1104";0.5
"K2107";"K1403";0.5
"K2107";"K1601";0.5
"K2107";"K2102";0.5
"K2107";"K2103";0.5
"K2107";"K2104";0.9
"K2107";"K2106";0.9
"K2107";"K2108";0.9
"K2107";"K2109";0.9
"K2107";"K2111";0.5
"K2107";"K2112";0.5
"K2108";"K2103";0.5
"K2108";"K2107";0.9
"K2108";"K2401";0.9
"K2108";"K2402";0.9
"K2108";"M1301";0.5
"K2108";"M1402";0.5
"K2108";"M1403";0.9
"K2109";"K1403";0.5
"K2109";"K1601";0.5
"K2109";"K2102";0.9
"K2109";"K2103";0.5
"K2109";"K2104";0.9
"K2109";"K2107";0.9
"K2109";"K2111";0.9
"K2109";"K2112";0.5
"K2109";"M1302";0.5
"K2110";"D1404";0.5
"K2110";"I1103";0.5
"K2110";"K2111";0.9
"K2110";"M1302";0.5
"K2110";"N4201";0.5
"K2110";"N4202";0.5
"K2111";"K1203";0.9
"K2111";"K1801";0.9
"K2111";"K2101";0.5
"K2111";"K2102";0.9
"K2111";"K2107";0.5
"K2111";"K2109";0.5
"K2111";"K2110";0.5
"K2111";"M1302";0.5
"K2111";"M1502";0.5
"K2112";"K1104";0.9
"K2112";"K1401";0.5
"K2112";"K1403";0.5
"K2112";"K1801";0.9
"K2112";"K2101";0.9
"K2112";"K2102";0.9
"K2112";"K2103";0.5
"K2112";"M1302";0.5
"K2112";"M1402";0.5
"K2112";"M1502";0.9
"K2201";"D1205";0.9
"K2201";"H2406";0.9
"K2201";"H2407";0.9
"K2201";"H2410";0.9
"K2201";"H2505";0.5
"K2201";"H3302";0.9
"K2201";"I1310";0.5
"K2201";"K2304";0.9
"K2201";"N1103";0.9
"K2201";"N1105";0.9
"K2202";"D1402";0.5
"K2202";"I1201";0.9
"K2202";"I1203";0.5
"K2202";"I1501";0.9
"K2202";"K2203";0.5
"K2202";"K2204";0.9
"K2202";"K2304";0.5
"K2202";"K2305";0.5
"K2203";"D1407";0.5
"K2203";"K2111";0.5
"K2203";"K2302";0.5
"K2203";"K2502";0.9
"K2203";"M1302";0.5
"K2204";"G1501";0.9
"K2204";"G1502";0.9
"K2204";"I1201";0.9
"K2204";"I1203";0.5
"K2204";"J1301";0.9
"K2204";"K1304";0.9
"K2204";"K2111";0.5
"K2204";"K2202";0.9
"K2204";"K2203";0.5
"K2204";"K2303";0.9
"K2204";"K2304";0.9
"K2204";"K2305";0.5
"K2204";"K2501";0.5
"K2301";"F1603";0.9
"K2301";"F1705";0.9
"K2301";"I1202";0.9
"K2301";"I1203";0.9
"K2301";"I1310";0.9
"K2301";"K2302";0.5
"K2301";"K2305";0.9
"K2301";"K2306";0.5
"K2302";"H1302";0.9
"K2302";"H1501";0.5
"K2302";"K2203";0.9
"K2302";"K2306";0.9
"K2302";"M1302";0.5
"K2302";"M1402";0.5
"K2303";"A1203";0.9
"K2303";"F1702";0.9
"K2303";"I1201";0.9
"K2303";"I1202";0.9
"K2303";"I1203";0.9
"K2303";"K2204";0.9
"K2303";"K2301";0.9
"K2303";"K2302";0.5
"K2303";"K2304";0.9
"K2303";"K2305";0.9
"K2303";"K2501";0.9
"K2303";"K2503";0.5
"K2303";"N4101";0.5
"K2303";"N4105";0.5
"K2304";"H2201";0.5
"K2304";"H2415";0.9
"K2304";"H2415";0.9
"K2304";"H2906";0.5
"K2304";"H2909";0.5
"K2304";"H3302";0.9
"K2304";"K1203";0.5
"K2304";"K2201";0.9
"K2304";"K2204";0.9
"K2304";"K2303";0.9
"K2304";"K2305";0.9
"K2304";"K2501";0.5
"K2304";"N1101";0.5
"K2304";"N1102";0.5
"K2304";"N1103";0.9
"K2304";"N1105";0.9
"K2304";"N4105";0.5
"K2305";"D1402";0.5
"K2305";"F1103";0.5
"K2305";"H1303";0.5
"K2305";"K2301";0.5
"K2305";"K2303";0.9
"K2305";"K2306";0.5
"K2306";"F1203";0.9
"K2306";"H1102";0.5
"K2306";"H1302";0.5
"K2306";"H1303";0.9
"K2306";"H1501";0.5
"K2306";"H1502";0.5
"K2306";"H2502";0.5
"K2306";"H2504";0.9
"K2306";"I1102";0.5
"K2306";"I1304";0.9
"K2306";"K2111";0.5
"K2306";"M1302";0.5
"K2401";"E1106";0.5
"K2401";"K2108";0.9
"K2401";"K2402";0.9
"K2401";"M1402";0.5
"K2401";"M1403";0.9
"K2401";"M1702";0.9
"K2402";"A1303";0.9
"K2402";"A1504";0.9
"K2402";"E1106";0.9
"K2402";"F1105";0.9
"K2402";"H1206";0.9
"K2402";"H1501";0.9
"K2402";"J1102";0.9
"K2402";"J1201";0.9
"K2402";"J1202";0.9
"K2402";"K1402";0.9
"K2402";"K1601";0.9
"K2402";"K1602";0.9
"K2402";"K2103";0.5
"K2402";"K2108";0.9
"K2402";"M1301";0.5
"K2402";"M1302";0.5
"K2402";"M1402";0.5
"K2402";"M1403";0.9
"K2402";"M1808";0.9
"K2402";"M1809";0.9
"K2501";"A1203";0.9
"K2501";"C1502";0.5
"K2501";"G1205";0.5
"K2501";"G1701";0.5
"K2501";"G1702";0.9
"K2501";"I1203";0.9
"K2501";"K1204";0.5
"K2501";"K1707";0.9
"K2501";"K2203";0.5
"K2501";"K2204";0.9
"K2501";"K2303";0.9
"K2501";"K2503";0.9
"K2501";"M1603";0.9
"K2502";"G1403";0.5
"K2502";"H1302";0.9
"K2502";"K1702";0.9
"K2502";"K1704";0.9
"K2502";"K2203";0.9
"K2502";"M1302";0.5
"K2502";"M1402";0.5
"K2503";"G1205";0.9
"K2503";"G1702";0.9
"K2503";"I1202";0.9
"K2503";"K1705";0.5
"K2503";"K1707";0.9
"K2503";"K2501";0.9
"K2503";"K2502";0.5
"K2503";"N4105";0.9
"K2503";"N4105";0.9
"K2503";"N4105";0.9
"K2503";"N4105";0.9
"K2503";"N4105";0.9
"K2503";"N4302";0.9
"K2601";"F1704";0.9
"K2601";"J1305";0.5
"K2601";"K2204";0.9
"K2601";"K2503";0.5
"K2601";"K2602";0.5
"K2601";"N1103";0.9
"K2601";"N1105";0.9
"K2601";"N4102";0.9
"K2601";"N4103";0.5
"K2601";"N4105";0.9
"K2602";"C1102";0.9
"K2602";"D1212";0.9
"K2602";"D1213";0.9
"K2602";"D1214";0.9
"K2602";"D1401";0.9
"K2602";"D1407";0.5
"K2602";"D1408";0.9
"K2602";"M1302";0.5
"K2602";"N1303";0.5
"K2603";"D1405";0.5
"K2603";"J1303";0.9
"K2603";"J1410";0.5
"K2603";"J1411";0.5
"K2603";"J1501";0.5
"K2603";"K2602";0.9
"L1101";"G1403";0.5
"L1101";"L1103";0.9
"L1101";"L1202";0.5
"L1101";"L1202";0.5
"L1102";"L1203";0.5
"L1102";"L1303";0.5
"L1103";"D1501";0.9
"L1103";"E1106";0.5
"L1103";"E1106";0.5
"L1103";"L1101";0.9
"L1201";"G1204";0.9
"L1201";"G1204";0.9
"L1201";"G1204";0.9
"L1201";"K2103";0.5
"L1201";"K2103";0.5
"L1201";"K2105";0.5
"L1201";"L1203";0.5
"L1201";"L1302";0.5
"L1202";"G1202";0.9
"L1202";"K2103";0.5
"L1202";"K2103";0.5
"L1202";"K2105";0.5
"L1202";"K2105";0.5
"L1202";"K2106";0.5
"L1202";"K2107";0.5
"L1202";"L1101";0.9
"L1202";"L1101";0.9
"L1202";"L1101";0.9
"L1202";"L1101";0.9
"L1202";"L1101";0.9
"L1202";"L1101";0.9
"L1202";"L1101";0.9
"L1202";"L1101";0.9
"L1202";"L1101";0.9
"L1202";"L1101";0.9
"L1202";"L1203";0.5
"L1202";"L1303";0.5
"L1203";"K2105";0.5
"L1203";"L1201";0.9
"L1203";"L1202";0.9
"L1203";"L1204";0.9
"L1203";"L1301";0.5
"L1203";"L1303";0.5
"L1203";"L1304";0.5
"L1204";"G1202";0.5
"L1204";"K2105";0.5
"L1204";"L1201";0.5
"L1204";"L1202";0.5
"L1204";"L1203";0.5
"L1204";"L1401";0.9
"L1301";"E1102";0.9
"L1301";"E1102";0.9
"L1301";"L1203";0.9
"L1301";"L1302";0.5
"L1301";"L1304";0.9
"L1302";"L1301";0.5
"L1302";"L1303";0.9
"L1302";"L1304";0.5
"L1303";"E1103";0.5
"L1303";"L1302";0.5
"L1304";"E1102";0.9
"L1304";"E1102";0.9
"L1304";"L1302";0.5
"L1401";"D1211";0.9
"L1401";"D1401";0.9
"L1401";"D1402";0.9
"L1401";"E1106";0.5
"L1401";"G1201";0.9
"L1401";"G1204";0.5
"L1401";"K1103";0.9
"L1401";"L1203";0.9
"L1401";"L1303";0.5
"L1401";"M1302";0.5
"L1501";"D1202";0.5
"L1501";"D1208";0.5
"L1502";"B1801";0.9
"L1502";"B1803";0.9
"L1502";"B1805";0.9
"L1502";"D1206";0.9
"L1502";"H1205";0.5
"L1503";"B1101";0.5
"L1503";"B1301";0.5
"L1503";"F1102";0.5
"L1504";"F1602";0.5
"L1504";"L1509";0.5
"L1504";"L1509";0.5
"L1504";"L1509";0.5
"L1505";"E1106";0.5
"L1505";"E1106";0.5
"L1505";"L1304";0.5
"L1505";"L1507";0.5
"L1505";"L1509";0.5
"L1506";"L1503";0.5
"L1506";"L1509";0.5
"L1506";"N1102";0.9
"L1506";"N1105";0.9
"L1507";"L1304";0.5
"L1507";"L1508";0.5
"L1508";"K2105";0.5
"L1508";"L1507";0.5
"L1508";"L1509";0.5
"L1508";"L1509";0.5
"L1508";"L1509";0.5
"L1508";"L1509";0.5
"L1509";"L1301";0.5
"L1509";"L1302";0.5
"L1509";"L1304";0.5
"L1509";"L1503";0.9
"L1509";"L1503";0.9
"L1509";"L1504";0.9
"L1509";"L1508";0.9
"L1510";"B1101";0.5
"L1510";"E1104";0.9
"L1510";"E1205";0.9
"L1510";"K2105";0.5
"L1510";"L1304";0.5
"L1510";"L1507";0.9
"M1101";"D1407";0.5
"M1101";"D1509";0.9
"M1101";"E1402";0.9
"M1101";"H1102";0.5
"M1101";"M1102";0.5
"M1101";"N1301";0.5
"M1102";"D1504";0.5
"M1102";"D1509";0.9
"M1102";"M1701";0.9
"M1102";"M1707";0.5
"M1201";"C1202";0.9
"M1201";"C1205";0.5
"M1201";"C1301";0.5
"M1201";"C1302";0.5
"M1201";"M1207";0.9
"M1201";"M1403";0.9
"M1202";"M1201";0.5
"M1202";"M1204";0.9
"M1202";"M1205";0.5
"M1202";"M1206";0.9
"M1203";"C1502";0.9
"M1203";"C1502";0.9
"M1203";"C1502";0.9
"M1203";"K1504";0.9
"M1203";"K2111";0.5
"M1203";"M1204";0.5
"M1203";"M1206";0.5
"M1203";"M1207";0.5
"M1203";"M1608";0.9
"M1204";"K2111";0.5
"M1204";"M1202";0.9
"M1204";"M1205";0.9
"M1204";"M1206";0.5
"M1205";"M1204";0.9
"M1205";"M1206";0.9
"M1205";"M1207";0.9
"M1205";"M1301";0.5
"M1205";"M1302";0.5
"M1206";"M1202";0.9
"M1206";"M1204";0.5
"M1206";"M1205";0.5
"M1206";"M1207";0.5
"M1207";"K2111";0.5
"M1207";"M1201";0.9
"M1207";"M1204";0.5
"M1207";"M1205";0.5
"M1301";"K2108";0.5
"M1301";"M1205";0.9
"M1301";"M1402";0.5
"M1301";"M1503";0.9
"M1302";"C1103";0.5
"M1302";"G1301";0.9
"M1302";"G1301";0.9
"M1302";"G1403";0.9
"M1302";"K2102";0.9
"M1302";"M1402";0.5
"M1302";"M1503";0.9
"M1401";"D1401";0.5
"M1401";"D1408";0.9
"M1401";"D1501";0.9
"M1401";"E1101";0.5
"M1401";"H1505";0.5
"M1401";"K1205";0.5
"M1401";"M1404";0.5
"M1401";"M1601";0.9
"M1401";"M1601";0.9
"M1401";"M1606";0.9
"M1402";"H1102";0.5
"M1402";"H1302";0.5
"M1402";"H1502";0.5
"M1402";"K1802";0.9
"M1402";"K2101";0.9
"M1402";"M1302";0.5
"M1402";"M1502";0.9
"M1402";"M1503";0.5
"M1402";"M1802";0.9
"M1403";"C1105";0.9
"M1403";"E1401";0.5
"M1403";"K1802";0.5
"M1403";"K2401";0.9
"M1403";"K2401";0.9
"M1403";"M1201";0.9
"M1403";"M1402";0.5
"M1403";"M1702";0.9
"M1403";"M1705";0.9
"M1404";"D1408";0.9
"M1404";"D1408";0.9
"M1404";"D1408";0.9
"M1404";"M1403";0.5
"M1404";"M1704";0.5
"M1501";"K1801";0.5
"M1501";"K2102";0.5
"M1501";"K2111";0.5
"M1501";"K2111";0.5
"M1501";"M1203";0.5
"M1501";"M1502";0.5
"M1501";"M1503";0.5
"M1501";"M1604";0.9
"M1502";"K1801";0.9
"M1502";"K2101";0.9
"M1502";"K2102";0.9
"M1502";"K2111";0.5
"M1502";"M1302";0.5
"M1502";"M1402";0.5
"M1502";"M1503";0.5
"M1503";"K2111";0.5
"M1503";"M1205";0.5
"M1503";"M1301";0.5
"M1503";"M1302";0.5
"M1503";"M1402";0.9
"M1503";"M1502";0.9
"M1601";"C1201";0.5
"M1601";"D1408";0.5
"M1601";"G1101";0.9
"M1601";"G1205";0.9
"M1601";"G1703";0.5
"M1601";"K1205";0.5
"M1601";"M1401";0.9
"M1601";"M1602";0.9
"M1601";"M1606";0.9
"M1601";"M1607";0.5
"M1601";"N2101";0.5
"M1602";"C1401";0.5
"M1602";"E1307";0.9
"M1602";"M1601";0.9
"M1602";"M1606";0.9
"M1602";"M1607";0.5
"M1603";"D1501";0.9
"M1603";"E1304";0.9
"M1603";"G1702";0.9
"M1603";"H3302";0.9
"M1603";"M1401";0.5
"M1603";"M1606";0.5
"M1603";"N1103";0.9
"M1603";"N4104";0.9
"M1603";"N4105";0.5
"M1604";"D1401";0.9
"M1604";"K2111";0.5
"M1604";"M1501";0.5
"M1604";"M1605";0.9
"M1605";"C1502";0.5
"M1605";"C1502";0.5
"M1605";"D1401";0.9
"M1605";"H1207";0.5
"M1605";"K2111";0.5
"M1605";"M1604";0.9
"M1606";"C1401";0.5
"M1606";"D1505";0.5
"M1606";"E1307";0.5
"M1606";"M1401";0.5
"M1606";"M1601";0.9
"M1606";"M1602";0.9
"M1606";"M1607";0.5
"M1607";"C1502";0.5
"M1607";"C1502";0.5
"M1607";"D1401";0.9
"M1607";"K1902";0.5
"M1607";"K2111";0.5
"M1607";"M1604";0.5
"M1607";"M1605";0.5
"M1607";"M1608";0.5
"M1607";"M1609";0.5
"M1608";"C1401";0.5
"M1608";"D1508";0.5
"M1608";"G1401";0.5
"M1608";"K1503";0.5
"M1608";"K2111";0.5
"M1608";"M1203";0.5
"M1608";"M1501";0.5
"M1608";"M1605";0.5
"M1608";"M1607";0.9
"M1609";"D1405";0.5
"M1609";"J1303";0.9
"M1609";"J1303";0.9
"M1609";"K1205";0.5
"M1609";"K2111";0.5
"M1609";"M1607";0.9
"M1609";"M1608";0.5
"M1701";"D1406";0.9
"M1701";"M1704";0.9
"M1701";"M1706";0.5
"M1701";"M1707";0.5
"M1702";"E1103";0.5
"M1702";"E1401";0.5
"M1702";"E1402";0.9
"M1702";"M1703";0.5
"M1702";"M1705";0.5
"M1702";"M1706";0.9
"M1703";"C1101";0.5
"M1703";"C1204";0.5
"M1703";"E1402";0.9
"M1703";"M1702";0.9
"M1703";"M1705";0.9
"M1704";"D1406";0.5
"M1704";"D1509";0.9
"M1704";"E1103";0.9
"M1704";"M1701";0.5
"M1704";"M1705";0.5
"M1704";"M1707";0.5
"M1705";"E1103";0.9
"M1705";"E1401";0.9
"M1705";"E1402";0.9
"M1705";"K2108";0.5
"M1705";"M1302";0.5
"M1705";"M1402";0.5
"M1705";"M1403";0.9
"M1705";"M1703";0.9
"M1705";"M1707";0.9
"M1706";"D1406";0.9
"M1706";"E1401";0.9
"M1706";"K2111";0.5
"M1706";"M1702";0.9
"M1706";"M1703";0.5
"M1706";"M1705";0.5
"M1706";"M1707";0.5
"M1707";"D1504";0.5
"M1707";"K2111";0.5
"M1707";"M1302";0.5
"M1707";"M1704";0.9
"M1707";"M1705";0.9
"M1707";"M1706";0.9
"M1801";"D1407";0.5
"M1801";"H1101";0.9
"M1801";"M1802";0.9
"M1801";"M1803";0.5
"M1801";"M1805";0.5
"M1801";"M1810";0.9
"M1802";"H1101";0.5
"M1802";"H1102";0.5
"M1802";"K2101";0.5
"M1802";"M1402";0.5
"M1802";"M1801";0.9
"M1802";"M1803";0.5
"M1802";"M1804";0.9
"M1802";"M1805";0.9
"M1802";"M1806";0.9
"M1803";"M1302";0.5
"M1803";"M1402";0.5
"M1803";"M1804";0.9
"M1803";"M1805";0.9
"M1803";"M1806";0.9
"M1804";"H1101";0.5
"M1804";"H1102";0.5
"M1804";"H1206";0.9
"M1804";"K2101";0.5
"M1804";"M1402";0.5
"M1804";"M1803";0.5
"M1804";"M1805";0.9
"M1804";"M1806";0.9
"M1805";"E1104";0.9
"M1805";"E1104";0.9
"M1805";"K2101";0.5
"M1805";"M1402";0.5
"M1805";"M1802";0.5
"M1805";"M1803";0.5
"M1805";"M1804";0.9
"M1805";"M1806";0.9
"M1805";"M1810";0.5
"M1806";"H1101";0.5
"M1806";"H1102";0.9
"M1806";"K2101";0.5
"M1806";"M1402";0.9
"M1806";"M1802";0.9
"M1806";"M1803";0.5
"M1806";"M1804";0.9
"M1806";"M1805";0.9
"M1807";"H1504";0.5
"M1807";"I1302";0.9
"M1807";"I1304";0.9
"M1807";"I1305";0.9
"M1807";"I1307";0.9
"M1807";"I1309";0.9
"M1807";"I1401";0.9
"M1807";"I1602";0.9
"M1807";"K1701";0.9
"M1807";"K1703";0.5
"M1807";"M1801";0.9
"M1807";"M1808";0.5
"M1808";"F1107";0.9
"M1808";"K2402";0.5
"M1808";"M1801";0.9
"M1808";"M1809";0.9
"M1809";"K2402";0.5
"M1809";"M1808";0.9
"M1810";"H1101";0.5
"M1810";"M1402";0.5
"M1810";"M1801";0.9
"M1810";"M1802";0.5
"M1810";"M1803";0.5
"M1810";"M1805";0.5
"M1810";"M1806";0.9
"N1101";"A1101";0.9
"N1101";"F1301";0.5
"N1101";"F1302";0.5
"N1101";"K2110";0.5
"N1101";"N1103";0.9
"N1101";"N1104";0.9
"N1101";"N1303";0.5
"N1101";"N2203";0.9
"N1101";"N3203";0.9
"N1102";"D1403";0.5
"N1102";"N1101";0.9
"N1102";"N1103";0.9
"N1102";"N1104";0.5
"N1102";"N1303";0.5
"N1102";"N1303";0.5
"N1102";"N1303";0.5
"N1102";"N3203";0.9
"N1102";"N4101";0.9
"N1102";"N4105";0.9
"N1102";"N4201";0.5
"N1102";"N4203";0.5
"N1103";"D1213";0.5
"N1103";"D1507";0.9
"N1103";"E1304";0.9
"N1103";"H3301";0.9
"N1103";"H3302";0.9
"N1103";"H3303";0.9
"N1103";"K2201";0.9
"N1103";"N1101";0.9
"N1103";"N1105";0.9
"N1103";"N1303";0.5
"N1103";"N2203";0.9
"N1103";"N4105";0.9
"N1104";"A1101";0.5
"N1104";"F1301";0.9
"N1104";"F1302";0.5
"N1104";"F1706";0.9
"N1104";"K2110";0.5
"N1104";"N1101";0.9
"N1104";"N3202";0.9
"N1104";"N3203";0.9
"N1104";"N4402";0.9
"N1104";"N4403";0.9
"N1105";"A1101";0.5
"N1105";"A1401";0.9
"N1105";"A1402";0.9
"N1105";"A1403";0.9
"N1105";"D1507";0.9
"N1105";"E1304";0.9
"N1105";"F1704";0.9
"N1105";"H3302";0.9
"N1105";"H3303";0.9
"N1105";"H3303";0.9
"N1105";"K2201";0.9
"N1105";"K2204";0.9
"N1105";"K2303";0.9
"N1105";"K2304";0.9
"N1105";"L1506";0.5
"N1105";"N1101";0.5
"N1105";"N1102";0.5
"N1105";"N1103";0.9
"N1105";"N2203";0.9
"N1105";"N3203";0.9
"N1105";"N4104";0.5
"N1105";"N4403";0.9
"N1201";"D1402";0.9
"N1201";"D1407";0.9
"N1201";"M1101";0.9
"N1201";"N1202";0.9
"N1201";"N3201";0.5
"N1201";"N3202";0.5
"N1201";"N4201";0.9
"N1201";"N4203";0.9
"N1202";"D1401";0.9
"N1202";"D1402";0.5
"N1202";"M1604";0.5
"N1202";"N1201";0.5
"N1202";"N3201";0.9
"N1202";"N3202";0.9
"N1202";"N4201";0.5
"N1202";"N4202";0.5
"N1202";"N4203";0.9
"N1202";"N4204";0.9
"N1301";"D1407";0.9
"N1301";"H1401";0.9
"N1301";"M1101";0.9
"N1301";"M1302";0.5
"N1301";"M1402";0.5
"N1301";"N1302";0.9
"N1301";"N3201";0.9
"N1301";"N3202";0.9
"N1302";"D1407";0.5
"N1302";"H1401";0.9
"N1302";"M1101";0.9
"N1302";"M1302";0.5
"N1302";"M1707";0.5
"N1302";"N1301";0.5
"N1302";"N2205";0.5
"N1302";"N3201";0.9
"N1302";"N3202";0.9
"N1302";"N4201";0.9
"N1302";"N4202";0.9
"N1303";"D1407";0.5
"N1303";"H1403";0.9
"N1303";"I1103";0.5
"N1303";"K2111";0.5
"N1303";"N1301";0.5
"N1303";"N1302";0.5
"N1303";"N3201";0.5
"N1303";"N3202";0.9
"N1303";"N4201";0.5
"N1303";"N4203";0.9
"N1303";"N4204";0.9
"N2101";"D1204";0.9
"N2101";"G1101";0.9
"N2101";"G1201";0.5
"N2101";"G1303";0.5
"N2101";"G1703";0.9
"N2101";"M1601";0.9
"N2101";"N2201";0.9
"N2101";"N4302";0.9
"N2101";"N4401";0.9
"N2102";"K1703";0.9
"N2102";"K1703";0.9
"N2102";"K2111";0.5
"N2102";"M1402";0.5
"N2102";"N2202";0.5
"N2102";"N2205";0.5
"N2201";"D1204";0.9
"N2201";"G1101";0.9
"N2201";"G1303";0.5
"N2201";"G1703";0.9
"N2201";"M1601";0.9
"N2201";"N2204";0.5
"N2201";"N2205";0.5
"N2201";"N4302";0.9
"N2201";"N4401";0.5
"N2202";"K2111";0.5
"N2202";"M1402";0.5
"N2202";"N2205";0.5
"N2203";"G1702";0.9
"N2203";"K2503";0.5
"N2203";"N1101";0.9
"N2203";"N1102";0.5
"N2203";"N1103";0.9
"N2203";"N1104";0.5
"N2203";"N1105";0.9
"N2203";"N2201";0.5
"N2203";"N4104";0.9
"N2203";"N4403";0.9
"N2204";"K2111";0.5
"N2204";"N1302";0.5
"N2204";"N1303";0.9
"N2204";"N2101";0.9
"N2204";"N2205";0.5
"N2204";"N4203";0.9
"N2204";"N4204";0.9
"N2205";"G1403";0.9
"N2205";"K2111";0.5
"N2205";"M1302";0.5
"N2205";"M1402";0.5
"N2205";"M1503";0.5
"N2205";"N1302";0.9
"N2205";"N4201";0.9
"N2205";"N4202";0.9
"N3101";"A1406";0.9
"N3101";"I1102";0.5
"N3101";"K2111";0.5
"N3101";"M1402";0.5
"N3101";"N3201";0.9
"N3101";"N3202";0.9
"N3102";"A1415";0.9
"N3102";"D1204";0.5
"N3102";"D1404";0.5
"N3102";"I1601";0.5
"N3102";"I1605";0.5
"N3102";"K2110";0.5
"N3102";"N3101";0.5
"N3102";"N3103";0.9
"N3103";"A1415";0.5
"N3103";"D1404";0.5
"N3103";"K2110";0.5
"N3103";"N3102";0.5
"N3103";"N3202";0.5
"N3103";"N4202";0.5
"N3103";"N4203";0.5
"N3201";"D1407";0.9
"N3201";"K2111";0.5
"N3201";"M1302";0.5
"N3201";"N1201";0.5
"N3201";"N1202";0.9
"N3201";"N1302";0.5
"N3201";"N1303";0.9
"N3201";"N3202";0.9
"N3201";"N4201";0.5
"N3201";"N4202";0.5
"N3201";"N4203";0.9
"N3201";"N4204";0.9
"N3202";"D1407";0.9
"N3202";"K2111";0.5
"N3202";"M1302";0.5
"N3202";"N1201";0.5
"N3202";"N1202";0.9
"N3202";"N1302";0.5
"N3202";"N1303";0.9
"N3202";"N3201";0.9
"N3202";"N4201";0.9
"N3202";"N4202";0.5
"N3202";"N4203";0.9
"N3202";"N4204";0.9
"N3203";"I1601";0.5
"N3203";"N1101";0.9
"N3203";"N1102";0.9
"N3203";"N1103";0.9
"N3203";"N1104";0.9
"N3203";"N1105";0.9
"N3203";"N1303";0.5
"N3203";"N4101";0.9
"N4101";"A1101";0.5
"N4101";"D1204";0.5
"N4101";"D1404";0.5
"N4101";"F1302";0.5
"N4101";"I1202";0.9
"N4101";"J1305";0.5
"N4101";"K2110";0.5
"N4101";"K2503";0.9
"N4101";"N1102";0.9
"N4101";"N1201";0.5
"N4101";"N4102";0.9
"N4101";"N4103";0.9
"N4101";"N4104";0.9
"N4101";"N4105";0.9
"N4101";"N4201";0.5
"N4101";"N4203";0.5
"N4102";"D1204";0.5
"N4102";"D1404";0.5
"N4102";"G1702";0.9
"N4102";"J1305";0.5
"N4102";"K2110";0.5
"N4102";"N4103";0.5
"N4102";"N4104";0.9
"N4102";"N4105";0.9
"N4102";"N4202";0.5
"N4102";"N4204";0.5
"N4102";"N4204";0.5
"N4102";"N4204";0.5
"N4103";"D1204";0.5
"N4103";"D1404";0.5
"N4103";"J1305";0.5
"N4103";"K2110";0.5
"N4103";"N4101";0.5
"N4103";"N4102";0.9
"N4103";"N4104";0.9
"N4103";"N4105";0.9
"N4103";"N4204";0.5
"N4103";"N4302";0.9
"N4104";"D1204";0.5
"N4104";"D1404";0.5
"N4104";"G1702";0.9
"N4104";"I1303";0.5
"N4104";"J1305";0.5
"N4104";"K2110";0.5
"N4104";"K2303";0.9
"N4104";"N1202";0.5
"N4104";"N4101";0.5
"N4104";"N4102";0.9
"N4104";"N4103";0.5
"N4104";"N4105";0.9
"N4104";"N4203";0.5
"N4104";"N4204";0.5
"N4105";"D1204";0.5
"N4105";"D1404";0.5
"N4105";"G1702";0.9
"N4105";"I1202";0.9
"N4105";"I1303";0.5
"N4105";"J1305";0.5
"N4105";"K2110";0.5
"N4105";"K2303";0.9
"N4105";"K2503";0.9
"N4105";"N1102";0.9
"N4105";"N1103";0.9
"N4105";"N4101";0.9
"N4105";"N4102";0.9
"N4105";"N4103";0.5
"N4105";"N4104";0.9
"N4105";"N4203";0.5
"N4201";"D1407";0.9
"N4201";"I1103";0.9
"N4201";"K2111";0.5
"N4201";"M1101";0.9
"N4201";"M1302";0.9
"N4201";"M1402";0.5
"N4201";"M1503";0.5
"N4201";"N1302";0.5
"N4201";"N3201";0.5
"N4201";"N3202";0.5
"N4201";"N4202";0.9
"N4202";"D1407";0.9
"N4202";"I1103";0.9
"N4202";"K2111";0.5
"N4202";"M1101";0.9
"N4202";"M1302";0.9
"N4202";"M1402";0.5
"N4202";"M1503";0.5
"N4202";"N1302";0.5
"N4202";"N3201";0.5
"N4202";"N3202";0.5
"N4202";"N4201";0.9
"N4203";"D1204";0.9
"N4203";"D1402";0.9
"N4203";"I1103";0.5
"N4203";"K2111";0.5
"N4203";"N1201";0.5
"N4203";"N1202";0.5
"N4203";"N1302";0.5
"N4203";"N1303";0.9
"N4203";"N3202";0.5
"N4203";"N4201";0.5
"N4203";"N4202";0.5
"N4203";"N4204";0.9
"N4204";"D1204";0.9
"N4204";"D1402";0.9
"N4204";"I1103";0.5
"N4204";"K2111";0.5
"N4204";"N1303";0.5
"N4204";"N3202";0.5
"N4204";"N4202";0.5
"N4204";"N4203";0.9
"N4204";"N4401";0.5
"N4301";"N4103";0.5
"N4301";"N4201";0.5
"N4301";"N4204";0.5
"N4301";"N4302";0.9
"N4301";"N4401";0.9
"N4301";"N4402";0.9
"N4302";"K1707";0.9
"N4302";"K2502";0.5
"N4302";"K2503";0.9
"N4302";"N4204";0.5
"N4302";"N4401";0.9
"N4401";"N4201";0.5
"N4401";"N4202";0.5
"N4401";"N4203";0.5
"N4401";"N4204";0.5
"N4401";"N4301";0.5
"N4401";"N4302";0.9
"N4401";"N4402";0.9
"N4402";"G1205";0.9
"N4402";"I1101";0.5
"N4402";"I1301";0.5
"N4402";"N4204";0.5
"N4403";"F1702";0.9
"N4403";"F1704";0.9
"N4403";"N1101";0.5
"N4403";"N1104";0.5
"N4403";"N1105";0.9
"N4403";"N2203";0.9
"N4403";"N3203";0.9
"N4403";"N4101";0.5
"N4403";"N4103";0.5
