siren,siret,company_name,2016,2017,2018,2019,2020,2021,PRED2020,PRED2021,VAR2020,VAR2021,RECOVER,naf,ri,F_1_4,F_2_2,F_2_4,F_3_3
17150038,1715003800010,EUROPEENNE DE CONDIMENTS,56504810.0,56797037.0,56529993.0,57498235.0,55855799.0,57615843.0,57510826.5,57782149.6,-0.029630361,-0.002886473,0.026743888,10.84Z,2842.66,1.1,3.16,2.51,0.98
71200331,7120033100024,ENTREPRISE BREHERET,10282170.0,11056600.0,11767030.0,13713705.0,11347223.0,14694636.0,14456135,15556638.5,-0.273979986,-0.058661031,0.215318955,16.23Z,6671.49,9.9,6.56,2.4,7.52
76520303,7652030300017,ETABLISSEMENTS GAL,6308959.0,9272539.0,7858651.0,8217815.0,10163791.0,8675890.0,8992661,9423929,0.115225707,-0.086220434,-0.20144614,16.23Z,6391.67,9.0,6.56,2.4,7.52
95750261,9575026100018,Champagne Perrier-Jouet,nan,106378397.0,nan,115242889.0,112851549.0,103206331.0,119675135,124107381,-0.060465151,-0.20251713,-0.142051979,11.02A,2220.4,0.4,0.0,4.52,0.95
95782223,9578222300044,DRAGAGES DU PONT DE LESCAR,19053000.0,22370140.0,21765607.0,21960927.0,20871140.0,26711779.0,23317230.5,24129155.3,-0.117199659,0.096684826,0.213884485,08.12Z,4437.38,3.7,10.0,2.14,3.03
96680244,9668024400017,BETON CONTROLE DU BEARN,13816800.0,15493010.0,15911272.0,15016967.0,14596130.0,16313560.0,16064203,16466079.3,-0.100579606,-0.009349235,0.091230371,23.63Z,4324.88,5.0,10.0,2.5,0.59
300157682,30015768200034,SOCIETE ANONYME DE MECANIQUE ET D'OUTILLAGE DU VIVARAIS,6146105.0,6106077.0,3333240.0,6706791.0,5995233.0,5630012.0,5300358.5,5191280.6,0.115904503,0.077927258,-0.037977244,27.11Z,5077.61,7.2,8.86,2.25,3.61
300157682,30015768200059,SOCIETE ANONYME DE MECANIQUE ET D'OUTILLAGE DU VIVARAIS,6146105.0,6106077.0,3333240.0,6706791.0,5995233.0,5630012.0,5300358.5,5191280.6,0.115904503,0.077927258,-0.037977244,27.11Z,5077.61,7.2,8.86,2.25,3.61
301693271,30169327100035,VILLETTE VIANDES,17658278.0,16794781.0,14346987.0,14265585.0,12347046.0,7172020.0,12609939.5,11347352.2,-0.021292016,-0.582169626,-0.56087761,10.11Z,5994.05,7.0,8.33,2.58,6.05
301918447,30191844700063,ALFYMA INDUSTRIE,nan,nan,13497912.0,14373153.0,14392861.0,14810105.0,15248394,16123635,-0.059441483,-0.088691471,-0.029249988,28.22Z,3343.59,1.7,6.52,2.21,0.77
302049168,30204916800016,LDC BRETAGNE,42364740.0,42857600.0,46194560.0,45878770.0,50658121.0,57626525.0,47793680,49181585,0.056544557,0.146546057,0.0900015,10.12Z,4190.33,1.3,9.23,2.74,1.57
302116728,30211672800049,MORANCE SOUDURE,17494397.0,16208242.0,14944745.0,14022734.0,15495071.0,15200728.0,12747908,11580059.4,0.177292702,0.238190474,0.060897772,22.21Z,8012.5,10.0,7.26,2.43,10.0
302162623,30216262300920,STEELCASE S.A.S,325749273.0,323872225.0,323373732.0,333191831.0,337258263.0,249467783.0,332004060.5,334186978.6,0.015579166,-0.339599745,-0.355178912,31.01Z,3372.68,3.1,5.15,2.44,1.28
302657507,30265750700026,DOMAINE DE SOMMERY,24384654.0,29590146.0,26543392.0,27322520.0,31811246.0,31013995.0,28401889,28978573.4,0.107174582,0.065629133,-0.041545449,01.47Z,5976.15,8.5,3.8,2.29,9.97
303283592,30328359200028,SOCIETE D'ETUDE DE REALISATION ET D'EXPLOITATION POUR LE TRAITEMENT DU MAIS,58440010.0,65585640.0,nan,75077530.0,74276513.0,70539182.0,80851911.43,86283480.71,-0.088525944,-0.223199338,-0.134673394,10.39A,6086.65,0.7,10.0,5.27,1.13
303375406,30337540600020,MIRION TECHNOLOGIES (MGPI) SAS,38287714.0,76874421.0,92213309.0,87538565.0,96880080.0,100587177.0,114501362.5,130810506.6,-0.181887572,-0.300469011,-0.118581439,26.51B,3901.75,5.1,3.06,4.37,2.69
303664031,30366403100026,PREMIER TECH GHA,20185120.0,23034940.0,23230900.0,22517820.0,23899074.0,25335874.0,24040710,24760116,-0.005926422,0.02272501,0.028651432,20.15Z,7769.38,10.0,7.37,2.2,10.0
304305931,30430593100038,SOCIETE JOLY ET PHILIPPE,8672971.0,9442730.0,10442029.0,10572912.0,12386231.0,9678725.0,11457441,12127353.2,0.074985684,-0.252990781,-0.327976465,28.22Z,3309.36,1.2,6.52,2.21,0.77
304555154,30455515400232,DE PARTICULIER A PARTICULIER - EDITIONS NERESSIS,21706266.0,21146276.0,20306423.0,20280772.0,17616262.0,18806382.0,19580850.5,19069217,-0.111521303,-0.013975841,0.097545463,58.14Z,2174.94,0.2,0.0,1.63,0.19
305273724,30527372400024,GROLLEAU,16463170.0,21178600.0,25267760.0,33200637.0,33719681.0,22349196.0,37602932,43033088.1,-0.115162744,-0.925487078,-0.810324334,27.12Z,3732.96,2.1,8.22,2.27,1.18
305823296,30582329600077,LABORATOIRES M&L,325397660.0,322856690.0,nan,322448920.0,320405755.0,nan,321243427.1,320371803.6,-0.00261441,#DIV/0!,#DIV/0!,20.42Z,3934.4,0.5,10.0,2.43,0.06
306474610,30647461000020,SA PERRIN VERMOT,33516740.0,35946190.0,39325077.0,40950613.0,46499451.0,48817460.0,43854781.5,46422832.1,0.056875284,0.049052693,-0.007822591,10.51C,16573.77,6.3,10.0,9.89,8.91
309645273,30964527300017,SOCIETE RIAUX,15923065.0,17315801.0,18657687.0,18401179.0,18585088.0,17533308.0,19768490,20646112.8,-0.063674813,-0.177536652,-0.113861839,16.23Z,6640.4,9.8,6.56,2.4,7.52
310070412,31007041200062,SATO FRANCE,11481372.0,12626232.0,13062829.0,nan,12540471.0,11454408.0,14762329.83,15553058.33,-0.17717507,-0.357822974,-0.180647903,17.29Z,3006.67,3.0,2.5,2.23,2.76
310519640,31051964000026,SOCIETE VENDEENNE DE CHAUDRONNERIE,9832209.0,10216062.0,nan,nan,8615944.0,10975510.0,11367621,11751474,-0.319370344,-0.070699585,0.248670759,25.11Z,3988.08,3.3,10.0,2.17,0.74
310623459,31062345900024,CONFISERIE DU TECH,8493377.0,8330436.0,8871120.0,8741517.0,8020149.0,8709308.0,8930388.5,9058898.9,-0.113494088,-0.040139917,0.073354171,10.82Z,5039.85,3.9,8.1,2.74,5.45
311547954,31154795400017,BETON - MATERIAUX ET CONSTRUCTIONS,26503544.0,29884547.0,38069798.0,42973784.0,46253034.0,47588950.0,48756911,54516508.1,-0.05413433,-0.145570728,-0.091436398,23.61Z,3830.12,1.9,10.0,2.21,0.0
311879217,31187921700025,TIGNOL BETON,11249230.0,12924890.0,14247590.0,15576810.0,15371885.0,16122219.0,17075990,18506534,-0.110858558,-0.147890002,-0.037031444,23.63Z,4331.72,5.1,10.0,2.5,0.59
312045248,31204524800035,MALTHA GLASS RECYCLING FRANCE,nan,18172181.0,16498724.0,17202804.0,17406796.0,15211240.0,16321859.33,15837170.83,0.062328338,-0.041149231,-0.103477569,38.32Z,2207.54,0.7,0.0,2.49,0.37
312097934,31209793400029,ARDO,97047280.0,nan,103654370.0,nan,131220083.0,124737808.0,110261460,113565005,0.159721153,0.089570301,-0.070150852,10.39A,6099.06,0.8,10.0,5.27,1.13
312263692,31226369200021,ETABLISSEMENTS RIBOT,25667000.0,23885000.0,22721075.0,22720855.0,nan,nan,21247892.5,20247656.5,#DIV/0!,#DIV/0!,#DIV/0!,10.11Z,5964.78,6.9,8.33,2.58,6.05
312300759,31230075900031,AZUR FRAGRANCES FRANCE,9585917.0,9592528.0,8763161.0,9086115.0,9604605.0,nan,8674737,8441859.7,0.096814809,#DIV/0!,#DIV/0!,20.53Z,2165.76,0.1,0.0,2.48,0.08
313915761,31391576100016,LESTRA,38710250.0,38301921.0,39425739.0,38064690.0,nan,38871735.0,38422434.5,38341148.3,#DIV/0!,0.013649679,#DIV/0!,13.92Z,3618.54,0.6,8.54,2.29,0.43
314438326,31443832600089,LA BOULANGERIE DE L'EUROPE,19409071.0,18567632.0,20074153.0,19941625.0,17694285.0,16784410.0,20274166,20584584.3,-0.145803066,-0.226410955,-0.080607889,10.71A,2187.31,0.2,0.0,9.93,0.48
316222595,31622259500035,BAYARD,71878631.0,72695782.0,nan,82113526.0,69021344.0,82346301.0,85154517.57,88751469.29,-0.233741806,-0.077783315,0.15595849,28.14Z,2273.87,1.5,0.0,2.32,0.76
316535046,31653504600031,D.V.,176272762.0,184746766.0,194943011.0,202524693.0,214349398.0,242861434.0,211859817.5,220755021.3,0.011614591,0.091024797,0.079410206,10.11Z,5935.5,6.8,8.33,2.58,6.05
316755032,31675503200018,MARCEL CHARRADE ET CIE,25374671.0,25540743.0,26597001.0,26739804.0,28066568.0,28857428.0,27350969,27866134.7,0.025496491,0.034351409,0.008854918,10.51C,16573.77,6.3,10.0,9.89,8.91
317216950,31721695000012,DS SMITH PACKAGING BRETAGNE,70409600.0,70779620.0,76608418.0,77652090.0,75853106.0,75240163.0,80751499,83507125.8,-0.064577356,-0.109874334,-0.045296978,17.21A,7414.49,10.0,1.93,7.32,10.0
317426294,31742629400029,SOCIETE ETUDES ET REALISATIONS ELECTRONIQUES ET MICRO-SYSTEMES PAR ABREVIATION :  E.R.E.M.S.,7937857.0,8905419.0,13943675.0,12071758.0,14974820.0,16167312.0,15074667,16818662.9,-0.006667659,-0.040288138,-0.033620479,26.12Z,2426.25,2.6,0.0,2.26,1.73
317586907,31758690700022,CARGILL HAUBOURDIN SAS,256468136.0,270413914.0,260335857.0,272273778.0,215389274.0,124544907.0,274207638.5,277941525.4,-0.273079357,-1.231657095,-0.958577738,10.62Z,4739.4,5.2,6.99,2.26,5.42
318734571,31873457100025,ROCAL,17826364.0,18911463.0,17964812.0,19069139.0,19364249.0,17523599.0,19138363,19416530.4,0.011665105,-0.10802184,-0.119686945,10.39A,6111.47,0.9,10.0,5.27,1.13
319011268,31901126800020,SOFIAC-COUEDIC-MADORE,9047044.0,9236705.0,9594464.0,10193305.0,9585824.0,9786632.0,10467015,10846669.2,-0.091926474,-0.108314811,-0.016388338,28.93Z,2799.69,0.2,3.94,2.21,0.17
319015087,31901508700012,RENE PIGOUCHET,9128000.0,8428000.0,9318000.0,9810000.0,9803394.0,11536572.0,9905000,10198600,-0.01036437,0.115976566,0.126340935,23.61Z,3830.12,1.9,10.0,2.21,0.0
319049276,31904927600078,GUASCH ET FILS,37729763.0,40374717.0,42349666.0,43846381.0,43834417.0,45404466.0,46156332.5,48188812.8,-0.052970147,-0.061323192,-0.008353046,10.11Z,5906.22,6.7,8.33,2.58,6.05
319331849,31933184900012,LES ATELIERS DU GOUT,nan,nan,160449807.0,166755047.0,147386147.0,135928471.0,173060287,179365527,-0.174196426,-0.319558189,-0.145361763,10.85Z,2490.8,0.8,1.17,2.8,1.08
319689394,31968939400025,FABRICATION ELECTRONIQUE DE DORDOGNE,28305538.0,30614282.0,32928577.0,36622961.0,39923364.0,34299663.0,38934480.5,41661136.9,0.024769543,-0.214622339,-0.239391882,26.12Z,2426.25,2.6,0.0,2.26,1.73
320442726,32044272600073,MC CAIN ALIMENTAIRE,229834670.0,245256470.0,255289902.0,268343050.0,243944194.0,250572561.0,281070666,293626523.2,-0.152192481,-0.171822334,-0.019629853,10.31Z,4715.64,2.4,10.0,2.73,3.2
320442726,32044272600016,MC CAIN ALIMENTAIRE,229834670.0,245256470.0,255289902.0,268343050.0,243944194.0,250572561.0,281070666,293626523.2,-0.152192481,-0.171822334,-0.019629853,10.31Z,4715.64,2.4,10.0,2.73,3.2
320442726,32044272600107,MC CAIN ALIMENTAIRE,229834670.0,245256470.0,255289902.0,268343050.0,243944194.0,250572561.0,281070666,293626523.2,-0.152192481,-0.171822334,-0.019629853,10.31Z,4715.64,2.4,10.0,2.73,3.2
320880214,32088021400012,SOCIETE GIRONDINE DES BOIS,20172893.0,21731710.0,23099682.0,23867103.0,23145321.0,20148941.0,25330497.5,26575557.7,-0.094411155,-0.318955557,-0.224544402,16.24Z,2184.04,0.4,0.0,2.51,0.19
321783383,32178338300045,NP CAPELEC,21917991.0,19579372.0,16827320.0,15416984.0,12849984.0,12105289.0,12871648.5,10646141.2,-0.001685955,0.120538039,0.122223995,26.12Z,2433.91,2.7,0.0,2.26,1.73
321798076,32179807600022,VITRAGE ISOLANT TECHNIQUE VIT,15888946.0,16659067.0,20142374.0,22006422.0,21824333.0,20945177.0,24133136,26316709.5,-0.105790312,-0.256456773,-0.150666461,23.12Z,4085.48,1.2,9.53,2.54,1.42
322314832,32231483200021,SAS KERVADEC,13020020.0,13091740.0,12723470.0,12550206.0,12612684.0,12642411.0,12401931,12224159.8,0.016709608,0.033083183,0.016373576,10.11Z,5789.11,6.3,8.33,2.58,6.05
322325184,32232518400065,HOA NAM,7835320.0,nan,12180459.0,8397620.0,8853961.0,10528736.0,10570189.5,11041213.71,-0.193837368,-0.048674192,0.145163177,10.85Z,2497.51,0.9,1.17,2.8,1.08
322471301,32247130100026,CHALVIGNAC SAS,13925889.0,23794883.0,19684353.0,16398753.0,18589662.0,19257364.0,19277985,19608791.2,-0.037027193,-0.018248977,0.018778215,25.29Z,2199.08,0.3,0.0,2.15,0.62
322804931,32280493100044,SumiRiko Rubber Compounding France S.A.S.,30313579.0,nan,23241794.0,23047813.0,nan,16764427.0,19511920.5,16930859.86,#DIV/0!,-0.009927739,#DIV/0!,22.19Z,7065.67,9.6,9.24,2.6,5.99
322960238,32296023800010,POUPIN,10111137.0,13843069.0,13757938.0,14159215.0,14156287.0,13597975.0,15982615.5,17188525.8,-0.129011831,-0.264050405,-0.135038574,22.23Z,4010.8,5.9,5.48,2.46,2.67
323401802,32340180200026,BATY-VIANDES,12671677.0,12729029.0,11978963.0,12407098.0,13737677.0,12244934.0,12060741,11906360.7,0.122068382,0.027650071,-0.09441831,10.11Z,5730.55,6.1,8.33,2.58,6.05
323514240,32351424000023,TOPPAN PHOTOMASKS FRANCE,23533934.0,18486629.0,20387217.0,22972631.0,21267415.0,20399346.0,21399272.5,21420940.4,-0.006199978,-0.050079762,-0.043879785,26.11Z,5072.68,10.0,0.24,2.29,10.0
323622217,32362221700012,TONNELLERIE RADOUX,21452641.0,nan,21601882.0,22006220.0,22196220.0,19200946.0,22080840.5,22249666,0.00519816,-0.158779677,-0.163977837,16.24Z,2174.87,0.2,0.0,2.51,0.19
324927466,32492746600023,TOYAL EUROPE,22371290.0,23442550.0,25264611.0,26616240.0,26184330.0,20642584.0,28062900.5,29518591.6,-0.071744074,-0.429985296,-0.358241223,24.42Z,8652.39,10.0,9.04,2.36,10.0
325090728,32509072800024,APPLICATIONS INDUSTRIELLES DES PLASTIQUES AIP,14696483.0,16132494.0,15721332.0,16571101.0,11757606.0,10455094.0,17083525.5,17604794.7,-0.452976524,-0.683848534,-0.230872009,22.29A,5451.96,6.3,3.84,5.03,5.69
326180312,32618031200042,SAS TARTARIN,9408835.0,9323624.0,nan,10160801.0,10031309.0,11151222.0,10363475.43,10638121.21,-0.033112969,0.046012965,0.079125934,23.61Z,3830.12,1.9,10.0,2.21,0.0
326180312,32618031200018,SAS TARTARIN,9408835.0,9323624.0,nan,10160801.0,10031309.0,11151222.0,10363475.43,10638121.21,-0.033112969,0.046012965,0.079125934,23.61Z,3830.12,1.9,10.0,2.21,0.0
326262227,32626222700027,TORAY CARBON FIBERS EUROPE,188964330.0,185519650.0,200564530.0,224707530.0,207070400.0,129756663.0,230507630,242735078,-0.11318484,-0.870694517,-0.757509677,23.99Z,4557.09,10.0,2.88,2.29,4.92
327529178,32752917800011,PALMI D'OR BOURGOGNE,46768091.0,48472397.0,48832724.0,48330436.0,48293750.0,44713923.0,49362752.5,49867488.7,-0.022135421,-0.115256398,-0.093120977,10.12Z,4201.65,1.4,9.23,2.74,1.57
327656781,32765678100025,JOHNSON ELECTRIC SAINT REMY,37557610.0,22073670.0,29589124.0,36783579.0,45786471.0,40644273.0,32799336,33318672.1,0.283645687,0.180236977,-0.103408709,29.31Z,3508.88,0.9,7.37,2.4,0.5
327918553,32791855300022,TEXTILES INDUSTRIELS DU BASSIN D'ANNONAY TIBA,7357837.0,7233076.0,6988050.0,8461914.0,6229277.0,8207914.0,8277020.5,8583741,-0.32872892,-0.04578837,0.28294055,13.91Z,2477.66,2.5,0.0,2.5,2.38
329286892,32928689200016,PORCELAINES GUY DEGRENNE,nan,2155699.0,2144176.0,2154215.0,1923892.0,1707386.0,2149879.333,2149137.333,-0.117463628,-0.258729621,-0.141265994,23.41Z,3130.45,0.6,5.25,2.43,0.47
330109018,33010901800037,PROMATEC TRAITEMENTS INDUSTRIELS,10957160.0,nan,9221850.0,nan,nan,nan,7486540,6618885,#DIV/0!,#DIV/0!,#DIV/0!,28.29B,10159.78,7.5,10.0,4.5,8.43
330335571,33033557100098,ETS BIASON,18547660.0,19802400.0,21712125.0,23151280.0,19756580.0,24612751.0,24733512.5,26305571,-0.251912654,-0.068778171,0.183134483,22.23Z,3984.5,5.7,5.48,2.46,2.67
330335571,33033557100015,ETS BIASON,18547660.0,19802400.0,21712125.0,23151280.0,19756580.0,24612751.0,24733512.5,26305571,-0.251912654,-0.068778171,0.183134483,22.23Z,3984.5,5.7,5.48,2.46,2.67
330439159,33043915900022,RIJK ZWAAN FRANCE,27507314.0,28635790.0,28882483.0,32146823.0,32969637.0,36159442.0,32834407.5,34250929.5,0.004101638,0.052780474,0.048678837,01.13Z,3871.46,2.1,9.41,2.08,1.74
331578260,33157826000043,PATRICK VERRIERE TRAITEUR,13021705.0,14013605.0,15676993.0,16511213.0,18384607.0,19631805.0,17838857,19052048.2,0.02968516,0.029531508,-0.000153652,10.85Z,2490.8,0.8,1.17,2.8,1.08
332024520,33202452000014,CONSTRUCTIONS METALLURGIQUES BECT GERARD,10894466.0,9642519.0,11989346.0,10764259.0,12379948.0,11641335.0,11311699,11507319.6,0.08628865,0.01151203,-0.07477662,25.11Z,3980.8,3.2,10.0,2.17,0.74
332617901,33261790100043,FERMETURES GROOM,21735713.0,21891808.0,nan,23130907.0,19955447.0,24729499.0,23551833.14,24038967.07,-0.180220776,0.02792341,0.208144186,25.72Z,2331.66,1.6,0.0,2.44,1.48
332628171,33262817100164,PURFER,218400914.0,273652997.0,286664487.0,244165720.0,185409829.0,336380727.0,278297506.5,287328097.3,-0.500985724,0.145824733,0.646810457,38.32Z,2207.54,0.7,0.0,2.49,0.37
332628171,33262817100032,PURFER,218400914.0,273652997.0,286664487.0,244165720.0,185409829.0,336380727.0,278297506.5,287328097.3,-0.500985724,0.145824733,0.646810457,38.32Z,2207.54,0.7,0.0,2.49,0.37
332776459,33277645900015,G M M,21538600.0,25263179.0,28004423.0,28760843.0,19463615.0,25420580.0,31993754.5,34434551.8,-0.64377247,-0.354593475,0.289178995,25.11Z,3988.08,3.3,10.0,2.17,0.74
333882207,33388220700041,AKEBONO EUROPE,73095078.0,56682502.0,37009845.0,28802796.0,26044687.0,23711647.0,10760179.5,-4494770.8,0.586857024,1.18955962,0.602702596,29.32Z,2927.23,5.2,0.8,2.43,2.66
333882207,33388220700033,AKEBONO EUROPE,73095078.0,56682502.0,37009845.0,28802796.0,26044687.0,23711647.0,10760179.5,-4494770.8,0.586857024,1.18955962,0.602702596,29.32Z,2957.36,5.5,0.8,2.43,2.66
333966117,33396611700025,TEDDY SMITH,48204490.0,49752760.0,47496110.0,52925570.0,53447250.0,50578898.0,52571380,53762039,0.01638756,-0.062934171,-0.07932173,14.13Z,3812.23,0.7,9.88,2.22,0.69
335040374,33504037400019,JAVEY,9360200.0,9909130.0,10136620.0,9787238.0,10251503.0,11152812.0,10175448,10326308.4,0.007418912,0.074107194,0.066688282,25.12Z,4512.82,4.5,10.0,2.42,1.76
335063152,33506315200029,INNOVATION FABRICATION COMMERCIALISATION INFACO,26092900.0,33971370.0,nan,39664730.0,41031284.0,38893444.0,44667891.43,48952225.71,-0.088630115,-0.258624094,-0.169993979,28.24Z,2168.97,0.0,0.0,2.47,0.27
335681524,33568152400013,CHAMPAGNE GOSSET,22369238.0,25959546.0,nan,nan,27192000.0,17978631.0,36730470,40320778,-0.350782215,-1.242705688,-0.891923472,11.02A,2220.4,0.4,0.0,4.52,0.95
337980080,33798008000028,RECOS MACHINES SARL,11543172.0,12324831.0,12140354.0,12283069.0,12839819.0,13611304.0,12581660,12785181.4,0.020106125,0.060693862,0.040587737,28.41Z,3714.59,1.1,9.29,2.2,0.49
338383789,33838378900025,CHOUVY ALIMENTS,nan,25169490.0,24836340.0,27415013.0,26483398.0,27723139.0,28052470.67,29175232.17,-0.059247407,-0.052378382,0.006869025,10.91Z,3493.39,7.3,0.0,2.28,5.53
338455215,33845521500024,SOCIETE D'EXPLOITATION CHATEAUROUX VIANDE,18638044.0,18583906.0,18026032.0,17401330.0,19662974.0,18582295.0,17095324,16668522.4,0.130582993,0.102989033,-0.02759396,10.11Z,5730.55,6.1,8.33,2.58,6.05
338567258,33856725800011,MOTEURS LEROY-SOMER,526676543.0,518627350.0,271968357.0,550752860.0,538543399.0,501592919.0,423398767,405955762.8,0.213807526,0.190666879,-0.023140648,27.11Z,5003.11,6.8,8.86,2.25,3.61
338567258,33856725800490,MOTEURS LEROY-SOMER,526676543.0,518627350.0,271968357.0,550752860.0,538543399.0,501592919.0,423398767,405955762.8,0.213807526,0.190666879,-0.023140648,27.11Z,5077.61,7.2,8.86,2.25,3.61
338615958,33861595800018,BARGUES AGRO INDUSTRIE,33907159.0,30877128.0,28320943.0,24807058.0,22353574.0,21178039.0,22013950,19028301.2,0.015193275,0.101507878,0.086314603,10.89Z,6449.06,8.0,5.26,2.49,9.9
338752991,33875299100020,AMADA EUROPE,127235050.0,135555251.0,168718754.0,198401918.0,178506046.0,127399881.0,219143770,243810180.7,-0.227654608,-0.91373947,-0.686084861,28.41Z,3708.4,1.0,9.29,2.2,0.49
338752991,33875299100038,AMADA EUROPE,127235050.0,135555251.0,168718754.0,198401918.0,178506046.0,127399881.0,219143770,243810180.7,-0.227654608,-0.91373947,-0.686084861,28.41Z,3726.96,1.3,9.29,2.2,0.49
338752991,33875299100079,AMADA EUROPE,127235050.0,135555251.0,168718754.0,198401918.0,178506046.0,127399881.0,219143770,243810180.7,-0.227654608,-0.91373947,-0.686084861,28.41Z,3720.77,1.2,9.29,2.2,0.49
339612491,33961249100045,FIRMENICH GRASSE,45091910.0,55715245.0,58617511.0,57837507.0,57187930.0,69541592.0,64600307.5,68714213.2,-0.12961437,0.011897611,0.141511981,20.53Z,2165.76,0.1,0.0,2.48,0.08
339966194,33996619400039,LE FOURNIL BITERROIS,11168359.0,10853821.0,11967799.0,11597634.0,10533563.0,8279949.0,11997354,12237534.3,-0.13896447,-0.477972183,-0.339007713,10.71A,2187.31,0.2,0.0,9.93,0.48
340321801,34032180100011,SERAC,64601070.0,74613070.0,87751730.0,76693691.0,67075898.0,66793367.0,88269021,93210673.3,-0.31595735,-0.39550793,-0.079550579,28.29A,10808.65,8.6,10.0,4.5,8.43
340558543,34055854300039,SOCIETE GUY NEYRET - PAR ABREVATION GN SA,9037353.0,14598202.0,14287661.0,15797271.0,14358120.0,18881822.0,18422425,20419346.3,-0.283066655,-0.08142881,0.201637845,28.99B,2614.9,1.2,1.14,4.32,0.74
341295244,34129524400030,SOCIETE NOUVELLE ART MARTIN,9324961.0,9719569.0,9232899.0,8684159.0,8012041.0,9106137.0,8638128,8397220.4,-0.07814326,0.077850421,0.155993681,25.99B,11511.75,10.0,10.0,4.89,7.43
341826006,34182600600023,AGRANA FRUIT FRANCE,112607243.0,120278388.0,114904955.0,111071909.0,109123218.0,118248460.0,112220765,111222821.5,-0.028385774,0.059414207,0.087799981,10.39B,6111.47,0.9,10.0,5.27,1.13
341826006,34182600600015,AGRANA FRUIT FRANCE,112607243.0,120278388.0,114904955.0,111071909.0,109123218.0,118248460.0,112220765,111222821.5,-0.028385774,0.059414207,0.087799981,10.39B,6111.47,0.9,10.0,5.27,1.13
341900124,34190012400015,ETS VALEYRE ET CIE,17104909.0,17333288.0,18081583.0,17688818.0,18385737.0,18257867.0,18177155,18427157.2,0.011344772,-0.009272178,-0.020616951,10.12Z,4201.65,1.4,9.23,2.74,1.57
342028479,34202847900018,EPCO,18874000.0,18789000.0,20673767.0,24131309.0,26950437.0,35567914.0,25031192.5,26796861.9,0.071213855,0.246600127,0.175386272,23.61Z,3830.12,1.9,10.0,2.21,0.0
342130887,34213088700025,DOPPELMAYR FRANCE,30960747.0,22607647.0,33856471.0,29979143.0,34656957.0,20470251.0,31427005,32257406.2,0.093197796,-0.575818792,-0.669016588,28.22Z,3316.21,1.3,6.52,2.21,0.77
342438892,34243889200065,MARTELL & Co,538912788.0,nan,nan,701603271.0,602824811.0,640223697.0,755833432,810063593,-0.253819382,-0.265282114,-0.011462732,11.01Z,2445.34,2.2,0.0,2.36,2.32
342438892,34243889200032,MARTELL & Co,538912788.0,nan,nan,701603271.0,602824811.0,640223697.0,755833432,810063593,-0.253819382,-0.265282114,-0.011462732,11.01Z,2445.34,2.2,0.0,2.36,2.32
342649506,34264950600066,EUROCHIMIC - SOCHIPHARM,11067482.0,nan,10456541.0,10392608.0,14969017.0,10818711.0,10087137.5,9850677.714,0.32613227,0.089477692,-0.236654579,20.41Z,4093.38,1.9,9.74,2.46,1.08
343261129,34326112900047,BEIRENS,20673426.0,21317784.0,24268881.0,24191027.0,22089764.0,19537938.0,25988754.5,27339144.5,-0.176506662,-0.399285047,-0.222778386,28.25Z,3328.12,5.1,3.01,2.23,2.69
343694493,34369449300010,ALLIA,22179460.0,20285810.0,18299170.0,27025890.0,27644385.0,27795444.0,25085745,26341010,0.092555504,0.052326345,-0.040229159,25.11Z,3988.08,3.3,10.0,2.17,0.74
344582812,34458281200022,FOUCTEAU,19128000.0,20906480.0,22204661.0,21332583.0,21543827.0,27624095.0,22870913.5,23662106.5,-0.061599385,0.143425097,0.205024482,10.71A,2187.31,0.2,0.0,9.93,0.48
344586920,34458692000029,CISABAC,13773653.0,15721539.0,17765883.0,19009961.0,18715906.0,16404687.0,21006076,22781402.8,-0.122364902,-0.388713043,-0.266348141,24.33Z,3805.93,0.0,10.0,2.29,0.0
344770870,34477087000014,NEXIRA,97491110.0,98093050.0,101131650.0,105316235.0,nan,122632747.0,107136505,109787902.5,#DIV/0!,0.10474237,#DIV/0!,10.89Z,6670.62,8.6,5.26,2.49,9.9
347644817,34764481700020,NP SUD,6829774.0,7425171.0,7728482.0,7392686.0,6031961.0,7836371.0,7842040,8041244.7,-0.30008135,-0.026143951,0.273937399,22.29A,5478.54,6.4,3.84,5.03,5.69
348390626,34839062600201,AMCOR FLEXIBLES CAPSULES FRANCE,93537450.0,98052277.0,95564216.0,96197093.0,91333841.0,95616806.0,97210476,97759562.8,-0.064342361,-0.022409835,0.041932527,25.92Z,4026.25,5.0,5.23,2.43,3.65
348390626,34839062600052,AMCOR FLEXIBLES CAPSULES FRANCE,93537450.0,98052277.0,95564216.0,96197093.0,91333841.0,95616806.0,97210476,97759562.8,-0.064342361,-0.022409835,0.041932527,25.92Z,3993.97,4.8,5.23,2.43,3.65
348390626,34839062600219,AMCOR FLEXIBLES CAPSULES FRANCE,93537450.0,98052277.0,95564216.0,96197093.0,91333841.0,95616806.0,97210476,97759562.8,-0.064342361,-0.022409835,0.041932527,25.92Z,3784.18,3.5,5.23,2.43,3.65
348530700,34853070000015,LANDIS + GYR,26062242.0,65191196.0,74389050.0,68838257.0,58699250.0,50433970.0,93001661,106754250.9,-0.584375627,-1.116713217,-0.532337591,26.51B,3849.03,4.7,3.06,4.37,2.69
348961426,34896142600023,Luche Tradition Volailles,31433840.0,39356350.0,39543624.0,38783526.0,5706506.0,31776348.0,42838418,45062051.2,-6.506943478,-0.418100381,6.088843097,10.12Z,4201.65,1.4,9.23,2.74,1.57
349821892,34982189200024,Amcor Flexibles Montreuil Bellay SAS,17861270.0,18383190.0,20019460.0,21241436.0,19061222.0,20583108.0,22320531,23498207.8,-0.170991608,-0.141625832,0.029365776,17.21C,7414.49,10.0,1.93,7.32,10.0
349876920,34987692000043,TEC AUTOMATISMES,8120992.0,8148985.0,8018687.0,8436430.0,8358312.0,7868237.0,8385277.5,8466879.1,-0.00322619,-0.076083384,-0.072857195,27.12Z,3732.96,2.1,8.22,2.27,1.18
350155024,35015502400036,SOUFFLET BIOTECHNOLOGIES,16972430.0,18375890.0,17291525.0,15452709.0,14490552.0,13217037.0,15612256.5,15047903.7,-0.07740937,-0.138523233,-0.061113863,20.14Z,6015.02,10.0,2.49,2.42,10.0
350193140,35019314000026,SUMIKA POLYMER COMPOUNDS (FRANCE) SA,33416044.0,35613247.0,40539542.0,40404901.0,44361625.0,43318289.0,43966650,46555936.6,0.008903529,-0.074740893,-0.083644422,20.16Z,8000.26,10.0,6.98,2.52,10.0
351215207,35121520700017,ALIMENTS GENOUEL,13877331.0,14511666.0,14753670.0,18136107.0,18622901.0,19957618.0,18574276.5,19876109.7,0.002611006,0.00408407,0.001473064,10.91Z,3646.01,8.3,0.0,2.28,5.53
351421037,35142103700018,LES COTEAUX NANTAIS,18942427.0,18333329.0,9467891.0,8928371.0,9846393.0,9896450.0,4191103,300342.4,0.57435144,0.969651501,0.395300061,01.24Z,3743.51,1.7,10.0,1.79,2.15
351429923,35142992300011,LIMAGRAIN INGREDIENTS,98877220.0,96474460.0,98734799.0,101457415.0,105337006.0,108423119.0,101386204.5,102386296.9,0.037506301,0.055678366,0.018172065,10.61B,6939.16,2.9,10.0,4.9,4.71
351562236,35156223600015,VITRAGES ISOLANTS DU COTENTIN,8887000.0,9226000.0,9392737.0,9777875.0,5399571.0,10568589.0,10030743.5,10314679.7,-0.857692676,0.024024901,0.881717577,23.12Z,4064.55,1.0,9.53,2.54,1.42
352398796,35239879600107,DS SMITH PACKAGING ATLANTIQUE,71527809.0,72246225.0,75680760.0,78496639.0,77352546.0,73559144.0,80573114.5,83007217,-0.041634939,-0.128441856,-0.086806918,17.21A,7414.49,10.0,1.93,7.32,10.0
352862387,35286238700029,NP JURA,23637021.0,26726877.0,31668906.0,29872870.0,26967746.0,33979604.0,33888812.5,36253770.1,-0.256642379,-0.066927387,0.189714993,22.29A,5505.11,6.5,3.84,5.03,5.69
353423155,35342315500038,R2D AUTOMATION,7694341.0,5727535.0,5071629.0,4549847.0,4303903.0,5185573.0,3238491,2229552.2,0.247545542,0.57004709,0.322501548,28.99B,2602.81,1.0,1.14,4.32,0.74
354092355,35409235500016,DOMAERO,7757730.0,7718560.0,6199453.0,6729736.0,nan,nan,5950597.5,5490288.6,#DIV/0!,#DIV/0!,#DIV/0!,25.11Z,3988.08,3.3,10.0,2.17,0.74
363200593,36320059300038,ETABLISSEMENTS DURANEL,14286960.0,11240580.0,12235760.0,nan,nan,nan,9510966.667,8485366.667,#DIV/0!,#DIV/0!,#DIV/0!,10.91Z,3294.98,6.0,0.0,2.28,5.53
364800672,36480067200032,AMCOR FLEXIBLES SARREBOURG SAS,87164025.0,91776431.0,85587375.0,83402167.0,79516465.0,81153099.0,82613842,80866379,-0.03895265,0.003533075,0.042485725,17.21C,7414.49,10.0,1.93,7.32,10.0
375781648,37578164800015,COMPAGNIE GENERALE DE PRODUITS ALIMENTAIRES PENY,122036000.0,56020000.0,121898000.0,120891000.0,129234761.0,133759512.0,120822000,127066300,0.065096735,0.050039148,-0.015057587,10.39A,6099.06,0.8,10.0,5.27,1.13
377514609,37751460900025,DS Smith Packaging Sud-Est.,58374113.0,61463936.0,65189153.0,68479534.0,65259043.0,61507855.0,71887054,75291202,-0.101564637,-0.224090842,-0.122526205,17.21A,7414.49,10.0,1.93,7.32,10.0
379124779,37912477900016,Bavaria Catamarans,14595640.0,20298810.0,28614269.0,31570960.0,20356294.0,20956800.0,38580274.5,44504416.4,-0.895250408,-1.123626527,-0.228376119,30.12Z,3809.75,0.2,10.0,2.27,0.19
379127384,37912738400020,BETAKRON,11829740.0,9755810.0,9994221.0,12733965.0,13711836.0,11766923.0,11816205.5,12111314.1,0.138247752,-0.029267728,-0.16751548,26.52Z,3480.33,0.0,8.41,2.18,0.0
379666902,37966690200034,PAPETERIES DU COTENTIN PAPECO,12916000.0,13134000.0,12974765.0,13483000.0,14924456.0,14884318.0,13512382.5,13666559,0.094614738,0.081814901,-0.012799838,17.22Z,3872.09,7.1,0.0,2.5,7.78
380333427,38033342700025,TRICOFLEX,44626035.0,nan,48514214.0,47040522.0,42936733.0,48209275.0,48984611.5,49952192,-0.140855582,-0.036153147,0.104702435,22.21Z,8012.5,10.0,7.26,2.43,10.0
380678250,38067825000040,MAITRE PRUNILLE,191364351.0,198650782.0,195763191.0,186599076.0,184352702.0,179010582.0,188798496,187080154.4,-0.024115698,-0.045078745,-0.020963048,10.39B,6086.65,0.7,10.0,5.27,1.13
380678250,38067825000073,MAITRE PRUNILLE,191364351.0,198650782.0,195763191.0,186599076.0,184352702.0,179010582.0,188798496,187080154.4,-0.024115698,-0.045078745,-0.020963048,10.39B,6111.47,0.9,10.0,5.27,1.13
381540434,38154043400028,ADDIPLAST,17570029.0,23371490.0,25581226.0,28371490.0,23820180.0,22735280.0,32377088.5,35838500.4,-0.35922938,-0.576338642,-0.217109262,20.16Z,8000.26,10.0,6.98,2.52,10.0
381622968,38162296800034,CHABOT DELRIEU ASSOCIES,nan,12852052.0,16110800.0,14736331.0,14593205.0,16623912.0,16450673.33,17392812.83,-0.127283097,-0.046252701,0.081030396,28.29A,10395.73,7.9,10.0,4.5,8.43
382150944,38215094400025,IPACKCHEM SAS,29898480.0,31798401.0,28872882.0,27057945.0,29168283.0,30127162.0,26545146,25400433.6,0.089931142,0.156892587,0.066961446,22.22Z,4669.31,9.6,0.0,2.51,9.09
382236214,38223621400096,AXEREAL ELEVAGE,126010152.0,181962577.0,178066256.0,210306206.0,186020059.0,186252539.0,236334258,261233442.1,-0.270477277,-0.402576542,-0.132099265,10.91Z,3554.44,7.7,0.0,2.28,5.53
382236214,38223621400013,AXEREAL ELEVAGE,126010152.0,181962577.0,178066256.0,210306206.0,186020059.0,186252539.0,236334258,261233442.1,-0.270477277,-0.402576542,-0.132099265,10.91Z,3493.39,7.3,0.0,2.28,5.53
382454155,38245415500013,MITSUBA MANUFACTURING FRANCE,48813889.0,48860729.0,45950327.0,12536248.0,54276404.0,58873601.0,11104467,-69865.5,0.795408941,1.001186703,0.205777763,29.31Z,3521.05,1.1,7.37,2.4,0.5
382782274,38278227400023,EUDICA,7988069.0,8676433.0,10086155.0,10039199.0,8667803.0,9069404.0,11088242,11844553.2,-0.27924481,-0.30599025,-0.026745441,22.29B,5451.96,6.3,3.84,5.03,5.69
383020989,38302098900042,SOCIETE DE DISTRIBUTION ET DE PRESTATION DE SERVICES,18540510.0,20906917.0,24449332.0,24565110.0,24541125.0,22943055.0,27519521,29681142.5,-0.121363466,-0.293687458,-0.172323991,20.15Z,7769.38,10.0,7.37,2.2,10.0
383482635,38348263500232,AFM RECYCLAGE,172986199.0,251555185.0,294917079.0,272896641.0,197874954.0,359546181.0,333862081,368171403,-0.687237694,-0.023989191,0.663248503,38.32Z,2207.54,0.7,0.0,2.49,0.37
383897378,38389737800063,PROVIMI FRANCE,150305002.0,153800966.0,165810089.0,159480271.0,nan,168733841.0,167232814.5,171186307.5,#DIV/0!,-0.014534527,#DIV/0!,10.91Z,3584.96,7.9,0.0,2.28,5.53
383966892,38396689200036,CIME BOCUZE,26100683.0,23125297.0,21662238.0,25021883.0,28483578.0,22674808.0,22802660.5,22332714.6,0.199445361,0.015086937,-0.184358424,24.45Z,4436.16,7.7,3.64,2.26,5.3
384711909,38471190900034,Soitec,nan,238222796.0,296034123.0,448694000.0,577355000.0,550043000.0,538121510.3,643357112.3,0.067953841,-0.169648759,-0.2376026,26.11Z,5072.68,10.0,0.24,2.29,10.0
385188347,38518834700020,DS SMITH PAPER COULLONS,21883347.0,20454568.0,21423266.0,20501646.0,19189504.0,18175320.0,20271605.5,19953965,-0.05639028,-0.09786045,-0.041470171,17.12Z,4190.47,3.5,6.62,2.33,4.72
387452576,38745257600029,TRILOGIQ SA,17144691.0,10008928.0,10155333.0,9095653.0,7655364.0,6524319.0,5600974,3200903.1,0.268359545,0.509388934,0.241029389,31.01Z,3381.04,3.2,5.15,2.44,1.28
387819196,38781919600016,YEO FRAIS,72913067.0,nan,100010711.0,94506910.0,111978744.0,107505549.0,108055732,116160947.4,0.035033542,-0.080511178,-0.11554472,10.51A,15912.94,5.7,10.0,9.89,8.91
387894835,38789483500025,ARIES PACKAGING,15781880.0,20874910.0,18098135.0,16913959.0,14698060.0,21670990.0,18072086.5,18134032.7,-0.229555907,0.163211616,0.392767523,28.29A,10100.8,7.4,10.0,4.5,8.43
388317257,38831725700011,GERS FARINE,21093837.0,nan,21135099.0,22374885.0,21697838.0,22176862.0,22395516,22764477,-0.032154263,-0.02649676,0.005657503,10.61A,6865.81,2.7,10.0,4.9,4.71
388931339,38893133900021,ETABLISSEMENTS JEAN VILLETON,8604064.0,7674679.0,9129606.0,12028631.0,nan,12518427.0,12291402,13464264.8,#DIV/0!,-0.075555643,#DIV/0!,28.92Z,3500.25,0.1,8.17,2.25,0.27
389783960,38978396000070,GROUPE SCAPA FRANCE,66746383.0,70441042.0,69593177.0,66439959.0,61738064.0,59345803.0,67863356,67686642.3,-0.09921419,-0.140546406,-0.041332216,22.19Z,7157.42,9.9,9.24,2.6,5.99
390953545,39095354500030,EURODIA INDUSTRIE,35438000.0,25455000.0,nan,31952219.0,36666101.0,32181944.0,29530138.71,28998288.36,0.194620156,0.098926766,-0.09569339,28.29B,9864.85,7.0,10.0,4.5,8.43
391438967,39143896700021,SERV TRAYVOU INTERVERROUILLAGE,12659668.0,12061778.0,nan,12913965.0,11304326.0,10119146.0,12901208.43,13034735.21,-0.141262949,-0.288126015,-0.146863066,25.72Z,2331.66,1.6,0.0,2.44,1.48
391548955,39154895500023,PROCTER & GAMBLE AMIENS,200033866.0,209051978.0,209684919.0,211592128.0,225636873.0,230008138.0,216417654.5,219948427.2,0.040858652,0.043736326,0.002877673,20.41Z,4093.38,1.9,9.74,2.46,1.08
391760725,39176072500013,LES FERMIERS LANDAIS,113480200.0,96783930.0,97861532.0,102211747.0,106474839.0,97639476.0,94402413,91129637.3,0.1133829,0.0666722,-0.046710699,10.12Z,4201.65,1.4,9.23,2.74,1.57
393025697,39302569700037,ARCADIE,13990900.0,16662278.0,17786908.0,17767542.0,21399164.0,23777679.0,19665546,20911001.6,0.081013352,0.1205617,0.039548348,10.84Z,2842.66,1.1,3.16,2.51,0.98
393574686,39357468600027,EUROCADE,8082790.0,8366869.0,7281676.0,7286759.0,5612419.0,nan,6886202,6538873.4,-0.22695793,#DIV/0!,#DIV/0!,29.31Z,3521.05,1.1,7.37,2.4,0.5
393845854,39384585400016,ALLAMAN,5179867.0,6336938.0,6405604.0,5877575.0,5457567.0,6660759.0,6490443.5,6706622.5,-0.189255853,-0.006885627,0.182370227,25.29Z,2226.27,0.8,0.0,2.15,0.62
394252704,39425270400017,CONCEPT COMPOSITES AUVERGNE - 2 CA,7700480.0,7743190.0,8005030.0,8326437.0,7299672.0,nan,8478712,8692683.1,-0.161519586,#DIV/0!,#DIV/0!,22.29A,5478.54,6.4,3.84,5.03,5.69
394555445,39455544500029,Artenay Bars,43428986.0,nan,35038590.0,32116290.0,28063199.0,29526841.0,27921092,24089579.14,0.00506382,0.184146413,0.179082593,10.61B,7012.51,3.1,10.0,4.9,4.71
395067184,39506718400030,AMB,21795000.0,20439000.0,21416000.0,21798055.0,20342090.0,23000449.0,21608555,21707171.5,-0.062258352,0.056228359,0.118486711,22.23Z,3984.5,5.7,5.48,2.46,2.67
395262215,39526221500043,SMITHS HEIMANN,72460691.0,69650920.0,40310287.0,76301110.0,62605019.0,59899201.0,60225908,58443970.4,0.038001921,0.024294658,-0.013707263,26.51B,3862.21,4.8,3.06,4.37,2.69
397482647,39748264700013,MONTABERT,82207745.0,nan,145839627.0,110537777.0,104190340.0,91209154.0,142353718,154993147.3,-0.366285185,-0.699315699,-0.333030514,28.92Z,3500.25,0.1,8.17,2.25,0.27
397739426,39773942600039,DISTECH CONTROLS SAS,20166516.0,21787013.0,24477477.0,32503703.0,34405770.0,43054412.0,34659183.5,38629386,-0.007365436,0.102777527,0.110142963,26.51B,3928.12,5.3,3.06,4.37,2.69
398300285,39830028500010,TOULOUSAINE DES FARINES,20481871.0,20704068.0,17314749.0,17559212.0,17092874.0,10170707.0,15975651,14759921.4,0.065361916,-0.451218819,-0.516580735,10.61A,6865.81,2.7,10.0,4.9,4.71
398356246,39835624600015,TRICOTAGE DES VOSGES,21924930.0,21635980.0,21320820.0,21320826.0,19825679.0,nan,21018771,20806023.8,-0.060179124,#DIV/0!,#DIV/0!,14.31Z,3925.65,0.0,10.0,2.46,0.0
398730366,39873036600034,WEVISTA,nan,57352859.0,nan,38747233.0,30822796.0,22721690.0,29444420,20141607,0.044719369,0.113551545,0.068832175,29.32Z,2927.23,5.2,0.8,2.43,2.66
399412683,39941268300043,ACTION PIN,33094500.0,34765810.0,40569640.0,43686109.0,47396236.0,29310612.0,47423679,51181544.7,-0.000579012,-0.746177961,-0.745598949,20.41Z,4066.61,1.6,9.74,2.46,1.08
400696175,40069617500019,CONSTRUCTIONS NOGUES,nan,nan,nan,nan,nan,nan,#DIV/0!,#DIV/0!,#DIV/0!,#DIV/0!,#DIV/0!,25.11Z,3995.37,3.4,10.0,2.17,0.74
400841680,40084168000020,FUJI ELECTRIC FRANCE,27006930.0,22445130.0,19390780.0,25817827.0,28970243.0,26696716.0,22009752,21347586.1,0.240263466,0.200366588,-0.039896878,26.51B,3822.66,4.5,3.06,4.37,2.69
401424353,40142435300019,D.F.P NUTRALIANCE,35194315.0,36850844.0,37721003.0,42389018.0,43399891.0,66252241.0,43652362,45897788.8,-0.005817319,0.307226622,0.313043941,10.91Z,3294.98,6.0,0.0,2.28,5.53
403932130,40393213000012,ANTARCTIC FOODS AQUITAINE,12618130.0,20035350.0,18513308.0,20495727.0,27336359.0,29703454.0,23443316,25654390.9,0.142412638,0.136316238,-0.0060964,10.39A,6074.23,0.6,10.0,5.27,1.13
404375461,40437546100039,OLIVIERS & CO,nan,9146790.0,nan,nan,nan,nan,#DIV/0!,#DIV/0!,#DIV/0!,#DIV/0!,#DIV/0!,10.39A,6111.47,0.9,10.0,5.27,1.13
409935012,40993501200016,FRAGRANCE PRODUCTION.,239426.0,235579520.0,230042454.0,214402301.0,177103991.0,151273126.0,329303815,392998970.9,-0.859381108,-1.59794308,-0.738561972,20.42Z,3934.4,0.5,10.0,2.43,0.06
412152019,41215201900045,TRONIC'S MICROSYSTEMS,4212427.0,nan,6445937.0,6161701.0,5404332.0,7011276.0,7278456,7994927.857,-0.346781804,-0.140295698,0.206486106,26.51B,3901.75,5.1,3.06,4.37,2.69
413748336,41374833600026,BRIO'GEL,24005442.0,26465439.0,31769379.0,31088492.0,33583075.0,30282157.0,34970460.5,37625769.5,-0.041312045,-0.242506255,-0.201194211,10.71A,2182.16,0.1,0.0,9.93,0.48
413967159,41396715900067,PARAGON ID,nan,47004574.0,27677498.0,30381809.0,21250165.0,10367830.0,18398528.67,10087146.17,0.134193609,0.027072573,-0.107121036,26.12Z,2403.28,2.3,0.0,2.26,1.73
414029785,41402978500022,LA FROMAGERIE DE LA LEMANCE,nan,9907527.0,12355704.0,16447156.0,19376955.0,20421735.0,19443091.33,22712905.83,-0.003413144,-0.112192761,-0.108779617,10.51C,16133.21,5.9,10.0,9.89,8.91
414499236,41449923600027,SHERCO,29939656.0,30020537.0,32121737.0,34255352.0,35206479.0,50523028.0,35346392.5,36851221.3,-0.003974084,0.270605449,0.274579533,30.91Z,3058.62,2.1,3.69,2.56,1.28
415066117,41506611700029,ALBAN MULLER INTERNATIONAL,17634.0,16099168.0,18081635.0,18054777.0,15764393.0,16168642.0,27086777.5,32696167.1,-0.718225212,-1.022196243,-0.303971031,20.53Z,2165.76,0.1,0.0,2.48,0.08
415095082,41509508200012,ARCOMAT MOBILIER URBAIN,9661873.0,9153742.0,9329011.0,10632297.0,5781883.0,5689251.0,10465866,10774520.1,-0.810113764,-0.893838064,-0.0837243,25.11Z,3973.52,3.1,10.0,2.17,0.74
417890910,41789091000025,SPI PHARMA,21526980.0,21065356.0,22123653.0,24624131.0,26062450.0,25436034.0,24922467.5,25957442.5,0.04374042,-0.020498813,-0.064239232,20.13B,7323.04,8.5,5.12,4.4,7.93
418245262,41824526200013,PORALU MENUISERIES,33982746.0,35432226.0,37979476.0,43955674.0,46066087.0,47518867.0,45954039,49200642.4,0.002432332,-0.03539174,-0.037824072,22.23Z,3997.65,5.8,5.48,2.46,2.67
419222245,41922224500021,PROCTER & GAMBLE BLOIS,73076189.0,68978322.0,62683650.0,62583763.0,66827815.0,65571604.0,57387493.5,53610298.5,0.141263357,0.182415936,0.041152579,20.42Z,3934.4,0.5,10.0,2.43,0.06
419646096,41964609600018,PREMIER TECH AQUA,40190269.0,37696627.0,45828247.0,48730247.0,37544469.0,39600472.0,51549236,54924391.4,-0.373018114,-0.386963049,-0.013944936,22.23Z,3997.65,5.8,5.48,2.46,2.67
420985988,42098598800013,PROVENCE HUILES,nan,126254400.0,104745800.0,109197380.0,144012720.0,134043335.0,96342173.33,87813663.33,0.331016223,0.344886015,0.013869792,10.41B,11966.7,10.0,9.56,4.25,10.0
421578709,42157870900014,DUJARDIN BRETAGNE,8740620.0,10591560.0,9622010.0,11543533.0,10746583.0,11537985.0,11984228,12728146.9,-0.115166374,-0.103151625,0.012014749,10.39A,6099.06,0.8,10.0,5.27,1.13
421863259,42186325900048,SEW USOCOME,410300076.0,424690815.0,451781264.0,455697267.0,452338175.0,118551181.0,476437861,492766063.2,-0.053278028,-3.156568151,-3.103290123,27.11Z,5040.36,7.0,8.86,2.25,3.61
421863259,42186325900071,SEW USOCOME,410300076.0,424690815.0,451781264.0,455697267.0,452338175.0,118551181.0,476437861,492766063.2,-0.053278028,-3.156568151,-3.103290123,27.11Z,5021.73,6.9,8.86,2.25,3.61
421863259,42186325900014,SEW USOCOME,410300076.0,424690815.0,451781264.0,455697267.0,452338175.0,118551181.0,476437861,492766063.2,-0.053278028,-3.156568151,-3.103290123,27.11Z,5021.73,6.9,8.86,2.25,3.61
422067751,42206775100020,TOSHIBA TEC EUROPE IMAGING SYSTEMS SA,35457264.0,32986510.0,33682769.0,34346405.0,33328897.0,27997395.0,33459157.5,33195525.7,-0.003908335,-0.185664798,-0.181756463,28.23Z,2173.14,0.2,0.0,2.32,0.15
424738755,42473875500059,ATRIAL,nan,91352244.0,90669745.0,97156422.0,94616630.0,100155673.0,98863648.33,101765737.3,-0.044886595,-0.016075618,0.028810977,10.91Z,3493.39,7.3,0.0,2.28,5.53
424738755,42473875500018,ATRIAL,nan,91352244.0,90669745.0,97156422.0,94616630.0,100155673.0,98863648.33,101765737.3,-0.044886595,-0.016075618,0.028810977,10.91Z,3447.6,7.0,0.0,2.28,5.53
425016904,42501690400012,SOVILEG,36497151.0,36035524.0,38362709.0,35857361.0,36208728.0,42539599.0,36790140,36830921.5,-0.016057233,0.134196787,0.15025402,10.11Z,5730.55,6.1,8.33,2.58,6.05
427380100,42738010000011,L'EPI DU ROUERGUE,13677630.0,14378950.0,14841410.0,14870941.0,15642694.0,16466109.0,15452831,15857070.3,0.012137487,0.036987409,0.024849921,10.71A,2187.31,0.2,0.0,9.93,0.48
429051519,42905151900016,EURORAULET SAS,nan,nan,17625314.0,16740606.0,18074011.0,19022915.0,15855898,14971190,0.122723893,0.212991805,0.090267911,10.71A,2187.31,0.2,0.0,9.93,0.48
431663806,43166380600039,NOVA,10787360.0,9450440.0,11051870.0,14730692.0,9723515.0,12285323.0,14862947,16206089.6,-0.528557008,-0.319142329,0.209414679,28.29A,10808.65,8.6,10.0,4.5,8.43
431899756,43189975600024,RAGT SEMENCES,nan,130400860.0,131389180.0,134305980.0,143939300.0,148349705.0,135937126.7,137889686.7,0.055594083,0.070509195,0.014915113,10.61B,6902.49,2.8,10.0,4.9,4.71
431916428,43191642800037,GROUPE CARTEL,15754282.0,15549056.0,15695714.0,15381304.0,14179796.0,13315814.0,15352020,15254792.4,-0.082668608,-0.14561471,-0.062946102,28.99B,2602.81,1.0,1.14,4.32,0.74
432383321,43238332100044,SOCIETE INDUSTRIELLE DE RECUPERATION DES METAUX,38926910.0,52890430.0,72726080.0,73270320.0,70627390.0,91664673.0,90169905,102456493,-0.276698813,-0.117731506,0.158967307,38.32Z,2207.54,0.7,0.0,2.49,0.37
435005145,43500514500022,MITSUBISHI CHEMICAL ADVANCED MATERIALS SAS,28586287.0,22546731.0,24628313.0,24103863.0,24363823.0,18040467.0,22124876,20988307,0.091896374,-0.163401535,-0.255297909,22.21Z,8012.5,10.0,7.26,2.43,10.0
435480546,43548054600108,HM.CLAUSE,157560000.0,164504000.0,166970000.0,165392402.0,173043168.0,193191909.0,170097402,172693722.6,0.017023301,0.106102717,0.089079415,01.13Z,3871.46,2.1,9.41,2.08,1.74
438672453,43867245300018,SOCIETE INDUSTRIELLE ANGEVINE DE MONTAGE,10809940.0,10942230.0,11737043.0,14287731.0,14050396.0,8940686.0,14751282.5,15874101.1,-0.049883754,-0.775490281,-0.725606527,25.11Z,3988.08,3.3,10.0,2.17,0.74
439009903,43900990300030,DESOSSAGE VIANDES VOLAILLES - DVV,nan,nan,nan,4510446.0,3567100.0,3292323.0,#DIV/0!,#DIV/0!,#DIV/0!,#DIV/0!,#DIV/0!,10.11Z,5818.39,6.4,8.33,2.58,6.05
439218603,43921860300025,SAINT-ETIENNE AUTOMOTIVE COMPONENTS,19409786.0,21418674.0,21593931.0,23565803.0,23261680.0,19769794.0,24657875.5,25922206.3,-0.060021267,-0.311202651,-0.251181384,29.32Z,2957.36,5.5,0.8,2.43,2.66
440767549,44076754900106,YOPLAIT FRANCE,844076484.0,736115344.0,725867369.0,691040697.0,543081835.0,511933870.0,631936139.5,585000605.9,-0.163611262,-0.142726903,0.020884359,10.51A,16573.77,6.3,10.0,9.89,8.91
440767549,44076754900064,YOPLAIT FRANCE,844076484.0,736115344.0,725867369.0,691040697.0,543081835.0,511933870.0,631936139.5,585000605.9,-0.163611262,-0.142726903,0.020884359,10.51A,16463.63,6.2,10.0,9.89,8.91
440767549,44076754900056,YOPLAIT FRANCE,844076484.0,736115344.0,725867369.0,691040697.0,543081835.0,511933870.0,631936139.5,585000605.9,-0.163611262,-0.142726903,0.020884359,10.51A,16353.49,6.1,10.0,9.89,8.91
440767549,44076754900155,YOPLAIT FRANCE,844076484.0,736115344.0,725867369.0,691040697.0,543081835.0,511933870.0,631936139.5,585000605.9,-0.163611262,-0.142726903,0.020884359,10.51A,16573.77,6.3,10.0,9.89,8.91
440767549,44076754900098,YOPLAIT FRANCE,844076484.0,736115344.0,725867369.0,691040697.0,543081835.0,511933870.0,631936139.5,585000605.9,-0.163611262,-0.142726903,0.020884359,10.51A,16573.77,6.3,10.0,9.89,8.91
441999000,44199900000017,DS SMITH PACKAGING FEGERSHEIM,20518664.0,22306574.0,26851041.0,28864295.0,24947652.0,25642196.0,32030483.5,34988619.5,-0.28390774,-0.36449388,-0.080586139,17.21A,7414.49,10.0,1.93,7.32,10.0
442121893,44212189300022,TATA STEEL FRANCE BATIMENTS ET SYSTEMES SAS,55344680.0,59845440.0,67532516.0,61895947.0,55890535.0,55990526.0,67989865,70723952.7,-0.21648263,-0.263141423,-0.046658793,24.33Z,3805.93,0.0,10.0,2.29,0.0
443915871,44391587100026,FUJI AUTOTECH FRANCE SAS,68724260.0,81599320.0,93417626.0,90479516.0,79195846.0,56741415.0,102826199,110534606.4,-0.298378693,-0.948041063,-0.64966237,29.32Z,2987.48,5.8,0.8,2.43,2.66
444526131,44452613100024,CF2P,70477120.0,68320520.0,67569960.0,43889644.0,56476647.0,61877287.0,42436064,34384765.2,0.248608651,0.444307162,0.195698512,16.21Z,4851.04,5.0,10.0,2.33,3.15
444565659,44456565900018,JTEKT Automotive Lyon,222266931.0,264668388.0,273017220.0,270798326.0,246327576.0,184576669.0,296173470.5,311567772.2,-0.202356128,-0.688012759,-0.485656631,29.32Z,2947.31,5.4,0.8,2.43,2.66
444636658,44463665800023,EUROPAC CARTONNERIE SAVOIE,38171876.0,38654867.0,38499537.0,nan,33088682.0,33012508.0,38933584.83,39097415.33,-0.176643568,-0.184321268,-0.0076777,17.21A,7414.49,10.0,1.93,7.32,10.0
444636674,44463667400012,DS SMITH PACKAGING DURTAL,60479820.0,nan,64720798.0,21911333.0,60175707.0,57155847.0,24031822,13315181.29,0.600639142,0.767037285,0.166398144,17.21A,7414.49,10.0,1.93,7.32,10.0
445307523,44530752300016,BOWDEN,23384317.0,27142874.0,33018032.0,31178992.0,26059976.0,29065529.0,35995849.5,38921767.8,-0.38126948,-0.339104057,0.042165423,28.22Z,3343.59,1.7,6.52,2.21,0.77
447868977,44786897700011,ANTIGNY NUTRITION,54543152.0,55471878.0,47656157.0,51089143.0,50587849.0,45943464.0,47645645.5,45827870.7,0.058160281,0.00251599,-0.055644291,10.91Z,3432.34,6.9,0.0,2.28,5.53
449222058,44922205800025,ARC FOOD FRANCE,nan,22237717.0,13814033.0,20059102.0,19300072.0,19388932.0,16525002.33,15435694.83,0.143785457,0.203891435,0.060105978,10.89Z,6670.62,8.6,5.26,2.49,9.9
449222058,44922205800025,ARC FOOD FRANCE,nan,22237717.0,13814033.0,20059102.0,19300072.0,19388932.0,16525002.33,15435694.83,0.143785457,0.203891435,0.060105978,10.89Z,6670.62,8.6,5.26,2.49,9.9
449222058,44922205800025,ARC FOOD FRANCE,nan,22237717.0,13814033.0,20059102.0,19300072.0,19388932.0,16525002.33,15435694.83,0.143785457,0.203891435,0.060105978,10.89Z,6670.62,8.6,5.26,2.49,9.9
449222058,44922205800025,ARC FOOD FRANCE,nan,22237717.0,13814033.0,20059102.0,19300072.0,19388932.0,16525002.33,15435694.83,0.143785457,0.203891435,0.060105978,10.89Z,6670.62,8.6,5.26,2.49,9.9
449970953,44997095300021,LENZE DRIVE SYSTEMS FRANCE,86084500.0,93427100.0,100423270.0,107512858.0,95625361.0,74646442.0,114682243,121810367.4,-0.199286903,-0.631830857,-0.432543954,28.15Z,5923.29,8.3,10.0,2.43,4.1
450680947,45068094700014,EUROPAC CARTONNERIE DE ROUEN SAS,103122120.0,104608700.0,106602404.0,20750417.0,nan,57468488.0,22490559,-2021581.5,#DIV/0!,1.035177217,#DIV/0!,17.21A,7414.49,10.0,1.93,7.32,10.0
450681234,45068123400016,DS SMITH PAPER ROUEN,104360820.0,123074650.0,nan,41016920.0,96868619.0,107435707.0,25592067.14,1632543.571,0.735806421,0.98480446,0.248998039,17.12Z,4295.1,4.0,6.62,2.33,4.72
452807753,45280775300010,SAS BAUDOUX CONSTRUCTIONS METALLIQUES,13931748.0,12734339.0,16453982.0,15387211.0,13242645.0,15788570.0,16648328,17456931.2,-0.257175436,-0.105668924,0.151506512,25.11Z,3988.08,3.3,10.0,2.17,0.74
455501213,45550121300017,H. LEMAHIEU,nan,5784565.0,5813556.0,6073326.0,6988420.0,8205487.0,6179243.333,6323623.833,0.115788213,0.229342045,0.113553831,14.14Z,3817.65,0.4,10.0,2.24,0.49
457508604,45750860400024,LESAFFRE FRERES,45004649.0,68448558.0,53873920.0,37976679.0,45119203.0,25096298.0,42411314.5,38845459.7,0.060016319,-0.54785617,-0.607872489,10.81Z,4632.9,3.9,8.7,2.46,3.82
478999394,47899939400024,FRANCE ELEVATEUR,36773867.0,37884665.0,42765134.0,48248439.0,50136252.0,78940403.0,51244072.5,55174491,-0.022096197,0.301061448,0.323157645,28.22Z,3309.36,1.2,6.52,2.21,0.77
479159881,47915988100016,GREEN METALS FRANCE SAS,10007158.0,11492515.0,13145951.0,17248834.0,15267860.0,15475495.0,18818230.5,21156076.9,-0.232538843,-0.36706948,-0.134530637,38.32Z,2207.54,0.7,0.0,2.49,0.37
480891407,48089140700029,TEREOS STARCH & SWEETENERS LBN,226990540.0,196860390.0,207638764.0,217914304.0,272172689.0,231846307.0,208238416,206593382.6,0.234903337,0.108920969,-0.125982368,20.14Z,6015.02,10.0,2.49,2.42,10.0
484198882,48419888200025,LOGISTIC SERVICE HAYONS. en abrege L.S.H.,19439544.0,16188581.0,18722243.0,19899111.0,19773362.0,15548227.0,19540460.5,19931696.8,0.011778548,-0.281927309,-0.293705857,28.22Z,3316.21,1.3,6.52,2.21,0.77
491966958,49196695800010,C.I.A.T. PRODUCTION - C.I.A.T. DPS,nan,nan,6150172.0,7747293.0,4885159.0,5259089.0,9344414,10941535,-0.912816758,-1.080500064,-0.167683306,13.92Z,3600.78,0.3,8.54,2.29,0.43
491974861,49197486100016,DERICHEBOURG ENVIRONNEMENT,24121753.0,24479956.0,3244000.0,26964544.0,nan,28552813.0,16525667.5,15254909.2,#DIV/0!,0.465730077,#DIV/0!,38.32Z,2207.54,0.7,0.0,2.49,0.37
492976535,49297653500012,PROFIL ALSACE,31139188.0,29267290.0,28476810.0,27613079.0,23052361.0,34300718.0,26281890,25145009.3,-0.140095368,0.266924695,0.407020063,25.99B,11511.75,10.0,10.0,4.89,7.43
495233124,49523312400033,SATAM,10335876.0,nan,9065143.0,7256602.0,8403267.0,7825920.0,6621235.5,5650676.286,0.212064129,0.277953738,0.065889608,26.51B,3875.39,4.9,3.06,4.37,2.69
496680299,49668029900039,NEOLAIT,79084440.0,77007200.0,82187670.0,80451414.0,79543816.0,76258908.0,82003029,82931168.2,-0.030916457,-0.08749483,-0.056578373,10.91Z,3569.7,7.8,0.0,2.28,5.53
496680299,49668029900013,NEOLAIT,79084440.0,77007200.0,82187670.0,80451414.0,79543816.0,76258908.0,82003029,82931168.2,-0.030916457,-0.08749483,-0.056578373,10.91Z,3569.7,7.8,0.0,2.28,5.53
499462851,49946285100027,MATERIEL FERROVIAIRE D'ARBERATS,16047749.0,11649778.0,11981058.0,12492385.0,19012830.0,14468906.0,10459039.5,9425558.3,0.449895702,0.348564549,-0.101331153,24.52Z,4111.66,2.5,10.0,2.2,1.8
505317172,50531717200029,SAMB,24999032.0,32208171.0,34863726.0,42479332.0,43698726.0,42216944.0,47411679,52921324.5,-0.084967077,-0.253556499,-0.168589422,15.12Z,4418.09,3.4,9.63,2.36,2.59
508685013,50868501300023,TOYOTA BOSHOKU SOMAIN,122243374.0,123599389.0,126967975.0,139024890.0,117172459.0,131972074.0,141387190.5,146758503.9,-0.2066589,-0.112042112,0.094616788,29.32Z,2927.23,5.2,0.8,2.43,2.66
509304218,50930421800035,POLYURBAINE NORMANDIE,nan,nan,7548461.0,7420319.0,6756457.0,11407981.0,7292177,7164035,-0.079290078,0.372015521,0.451305599,38.11Z,2509.03,1.3,1.34,2.52,0.75
509628798,50962879800035,AMCOR FLEXIBLES PACKAGING FRANCE SAS,nan,nan,104957400.0,98528486.0,98881054.0,101093377.0,92099572,85670658,0.068582218,0.152559143,0.083976925,25.92Z,3993.97,4.8,5.23,2.43,3.65
509628798,50962879800027,AMCOR FLEXIBLES PACKAGING FRANCE SAS,nan,nan,104957400.0,98528486.0,98881054.0,101093377.0,92099572,85670658,0.068582218,0.152559143,0.083976925,25.92Z,4010.11,4.9,5.23,2.43,3.65
511119661,51111966100045,ADAM,7622239.0,7935934.0,9181791.0,9067430.0,8540141.0,8650882.0,9847206,10405349,-0.153049581,-0.202807876,-0.049758295,16.24Z,2174.87,0.2,0.0,2.51,0.19
511219370,51121937000018,NOVA NAUTIC,11542959.0,13788850.0,11407849.0,13485319.0,15521520.0,12367590.0,13417764,13762371.9,0.135538014,-0.112777178,-0.248315192,30.11Z,3783.05,2.6,9.8,2.05,0.51
511923054,51192305400015,BOULANGERIE SICARD,9095028.0,9231375.0,9788488.0,10542226.0,10675324.0,nan,10888956,11378826.7,-0.020011758,#DIV/0!,#DIV/0!,10.71A,2182.16,0.1,0.0,9.93,0.48
512471491,51247149100013,SAVIPLAST,10074850.0,11349040.0,12824811.0,12824355.0,10124332.0,11301263.0,14199335.5,15171764.1,-0.402496036,-0.342483942,0.060012094,29.32Z,2957.36,5.5,0.8,2.43,2.66
513817981,51381798100022,ARKTEOS,4015991.0,4780041.0,5407049.0,7423347.0,11006902.0,11994028.0,8118876,9203783.6,0.262383185,0.232636142,-0.029747043,28.25Z,3328.12,5.1,3.01,2.23,2.69
514436252,51443625200019,Societe Nouvelle TERR'LOIRE,15192088.0,15812309.0,14908240.0,13335878.0,14425236.0,13327915.0,13193954,12546684.1,0.085356108,0.058616138,-0.02673997,10.39A,6099.06,0.8,10.0,5.27,1.13
515051985,51505198500023,GMT ETIQUETTES,7783487.0,8050299.0,8396182.0,nan,nan,nan,8995698.5,9302046,#DIV/0!,#DIV/0!,#DIV/0!,17.29Z,3006.67,3.0,2.5,2.23,2.76
515620441,51562044100011,TONNELLERIE FRANCOIS FRERES,32191290.0,32576190.0,37361452.0,37686260.0,37088898.0,29218007.0,40271341,42398358.2,-0.085805812,-0.451103705,-0.365297893,16.24Z,2184.04,0.4,0.0,2.51,0.19
519029573,51902957300036,Trimet France,288276615.0,312175350.0,336498300.0,311678012.0,284210294.0,315411556.0,335788854.5,345241568.6,-0.181480269,-0.094574888,0.086905381,24.42Z,8652.39,10.0,9.04,2.36,10.0
519029573,51902957300028,Trimet France,288276615.0,312175350.0,336498300.0,311678012.0,284210294.0,315411556.0,335788854.5,345241568.6,-0.181480269,-0.094574888,0.086905381,24.42Z,8652.39,10.0,9.04,2.36,10.0
519703870,51970387000021,FRAENKISCHE FRANCE,19155780.0,21570690.0,25255261.0,28917181.0,nan,38409876.0,31966921.5,35263798.9,#DIV/0!,0.081908025,#DIV/0!,22.21Z,8012.5,10.0,7.26,2.43,10.0
529122962,52912296200010,GRANDS MOULINS STORIONE,25717000.0,23460000.0,19816000.0,18479000.0,16476000.0,16098000.0,15528500,12992700,0.05750789,0.192899739,0.135391849,10.61A,7012.51,3.1,10.0,4.9,4.71
530731876,53073187600021,POLYCEO,7267560.0,nan,17022695.0,17724157.0,17647413.0,16988888.0,22601724.5,26286119,-0.280738684,-0.547253652,-0.266514968,38.11Z,2509.03,1.3,1.34,2.52,0.75
532775616,53277561600057,PRODIAL,nan,nan,50983737.0,53358270.0,52682173.0,59235799.0,55732803,58107336,-0.057906305,0.019050355,0.07695666,10.91Z,3111.83,4.8,0.0,2.28,5.53
532775616,53277561600024,PRODIAL,nan,nan,50983737.0,53358270.0,52682173.0,59235799.0,55732803,58107336,-0.057906305,0.019050355,0.07695666,10.91Z,3417.08,6.8,0.0,2.28,5.53
533753216,53375321600027,POLYCEJA,7911698.0,12435374.0,nan,13629305.0,13721019.0,15125329.0,15909146.43,17628029.21,-0.159472662,-0.165464184,-0.005991521,38.11Z,2509.03,1.3,1.34,2.52,0.75
536620040,53662004000033,VON ROLL ISOLA FRANCE,16156745.0,nan,15150630.0,12373523.0,9969356.0,nan,11870465.5,10717679.57,-0.190695317,#DIV/0!,#DIV/0!,22.29A,5505.11,6.5,3.84,5.03,5.69
542015904,54201590400239,AMCOR FLEXIBLES FOOD FRANCE,69444140.0,nan,52942019.0,39590198.0,36108462.0,32657353.0,31339137.5,21630716.86,0.132083291,0.337646353,0.205563062,22.22Z,4758.8,10.0,0.0,2.51,9.09
542015904,54201590400254,AMCOR FLEXIBLES FOOD FRANCE,69444140.0,nan,52942019.0,39590198.0,36108462.0,32657353.0,31339137.5,21630716.86,0.132083291,0.337646353,0.205563062,22.21Z,8012.5,10.0,7.26,2.43,10.0
542020854,54202085400031,REXOR,17660943.0,17361885.0,17303507.0,17154901.0,16553071.0,14763672.0,16976183,16818532.6,-0.025560937,-0.139183572,-0.113622635,22.21Z,8012.5,10.0,7.26,2.43,10.0
542042486,54204248600119,BAYARD PRESSE,nan,190404000.0,185937000.0,nan,181037000.0,nan,177003000,172536000,0.022282738,#DIV/0!,#DIV/0!,58.14Z,2174.94,0.2,0.0,1.63,0.19
543780449,54378044900061,MOULINS SOUFFLET SA,335915283.0,324074696.0,290807780.0,288996889.0,290745032.0,284564545.0,266443137.5,249040927.7,0.0835849,0.124835008,0.041250108,10.61A,7049.18,3.2,10.0,4.9,4.71
543780449,54378044900244,MOULINS SOUFFLET SA,335915283.0,324074696.0,290807780.0,288996889.0,290745032.0,284564545.0,266443137.5,249040927.7,0.0835849,0.124835008,0.041250108,10.61A,6719.11,2.3,10.0,4.9,4.71
543780449,54378044900145,MOULINS SOUFFLET SA,335915283.0,324074696.0,290807780.0,288996889.0,290745032.0,284564545.0,266443137.5,249040927.7,0.0835849,0.124835008,0.041250108,10.61A,6829.14,2.6,10.0,4.9,4.71
543780449,54378044900152,MOULINS SOUFFLET SA,335915283.0,324074696.0,290807780.0,288996889.0,290745032.0,284564545.0,266443137.5,249040927.7,0.0835849,0.124835008,0.041250108,10.61A,7049.18,3.2,10.0,4.9,4.71
545550378,54555037800016,DEFONTAINE,171293000.0,167931000.0,164050000.0,148847000.0,106475000.0,116905000.0,145225500,138103600,-0.363939892,-0.181331851,0.182608041,28.15Z,5900.94,8.2,10.0,2.43,4.1
545650202,54565020200025,AGRO INGREDIENTS TECHNOLOGY - AIT,60506692.0,62636997.0,63483151.0,63398720.0,64492527.0,58442082.0,64886949.5,65839173.3,-0.006115786,-0.126571317,-0.120455531,10.61A,7049.18,3.2,10.0,4.9,4.71
552054447,55205444700032,WECOSTA,nan,12802790.0,10242183.0,10149697.0,11666186.0,11465990.0,8411797,7085250.5,0.278959122,0.382063782,0.10310466,29.32Z,2927.23,5.2,0.8,2.43,2.66
562076299,56207629900048,CHLOE,281996586.0,349182656.0,214978577.0,94390022.0,73473065.0,29197651.0,60881017.5,-8821359.6,0.17138318,1.302125661,1.130742481,14.13Z,3819.31,0.8,9.88,2.22,0.69
562084129,56208412900021,G.H. MUMM et Cie - Societe Vinicole de Champagne. Successeur,128848559.0,133541772.0,132618775.0,134688481.0,119220582.0,134338633.0,136573589,138233265.9,-0.145553785,-0.028991161,0.116562625,11.02A,2220.4,0.4,0.0,4.52,0.95
562620070,56262007000010,PLANTIN,9619000.0,12517000.0,11788000.0,11366462.0,13398812.0,13729107.0,12450962,12902300.6,0.070741346,0.060222883,-0.010518464,20.15Z,7769.38,10.0,7.37,2.2,10.0
562880195,56288019500028,MALTERIES SOUFFLET,330273210.0,316851150.0,299785136.0,344569008.0,305879679.0,304231330.0,329324971,331907109,-0.07664874,-0.090969523,-0.014320783,11.06Z,2387.22,1.6,0.0,2.11,2.25
568801260,56880126000015,SOUFFLET ALIMENTAIRE,179400704.0,179507256.0,178668814.0,179424957.0,174178403.0,180045773.0,179059012,178982443.7,-0.028020747,0.005905883,0.03392663,10.61B,7049.18,3.2,10.0,4.9,4.71
571920412,57192041200053,ARRAS MAXEI,11258750.0,10256290.0,10517470.0,13845000.0,12312790.0,8481212.0,13474360,14276353,-0.094338489,-0.68329161,-0.588953121,28.29B,10808.65,8.6,10.0,4.5,8.43
572010668,57201066800042,BERTRAND POLICO,7768662.0,4915722.0,2705175.0,5312330.0,5072028.0,4713073.0,2780586.5,1822632.2,0.451780136,0.613281568,0.161501432,27.11Z,5003.11,6.8,8.86,2.25,3.61
572099695,57209969500122,CARGILL FRANCE,nan,2240743309.0,1616687847.0,1681699718.0,1688223699.0,1712019816.0,1287333367,1007811572,0.237462803,0.41133183,0.173869027,10.89Z,6522.91,8.2,5.26,2.49,9.9
572151207,57215120700022,SAINTE LUCIE,23258122.0,24372397.0,26846757.0,29136402.0,34873909.0,38951684.0,30930719.5,32941639.5,0.113069903,0.154294857,0.041224954,10.89Z,6670.62,8.6,5.26,2.49,9.9
574500922,57450092200012,MINOTERIE DUPUY - COUTURIER,nan,28022770.0,30690567.0,34259956.0,35073110.0,34395502.0,37228283.67,40346876.67,-0.061448034,-0.173027702,-0.111579668,10.61A,7049.18,3.2,10.0,4.9,4.71
575580329,57558032900028,MOULINS DU NORD ET DE PICARDIE,10675409.0,10070073.0,nan,nan,nan,nan,8254065,7648729,#DIV/0!,#DIV/0!,#DIV/0!,10.61A,7049.18,3.2,10.0,4.9,4.71
575650056,57565005600014,ETABLISSEMENTS DROUAULT,27315080.0,27850330.0,28733910.0,26311912.0,26145556.0,28483306.0,27021327,26808734.6,-0.033495979,0.058791329,0.092287308,13.92Z,3618.54,0.6,8.54,2.29,0.43
578204315,57820431500043,POREE HAVLIK SA,nan,nan,9941638.0,9313259.0,nan,nan,8684880,8056501,#DIV/0!,#DIV/0!,#DIV/0!,14.19Z,2934.44,0.7,4.22,2.33,0.67
582055935,58205593500016,AMCOR FLEXIBLES SAINT MAUR SAS,23136074.0,22080400.0,19690989.0,19203120.0,17506971.0,13726497.0,17480577.5,16061750.2,0.001507599,-0.170127397,-0.171634996,22.22Z,4758.8,10.0,0.0,2.51,9.09
582111571,58211157100110,COMASEC,44816629.0,43091494.0,46380502.0,44895234.0,45676136.0,57221597.0,45677170.5,46029652.8,-2.26486E-05,0.195589511,0.19561216,14.19Z,2934.44,0.7,4.22,2.33,0.67
582143384,58214338400029,COINTREAU,57666430.0,56053790.0,53801670.0,56453367.0,53474892.0,86073339.0,54520987,53931856.1,-0.019562358,0.373419729,0.392982087,11.01Z,2463.02,2.4,0.0,2.36,2.32
601820046,60182004600055,AMCOR FLEXIBLES FRANCE,54401204.0,nan,31791326.0,30581789.0,29723301.0,24374454.0,19276850,10856311.57,0.351456623,0.554602882,0.203146259,17.21C,7414.49,10.0,1.93,7.32,10.0
601820046,60182004600063,AMCOR FLEXIBLES FRANCE,54401204.0,nan,31791326.0,30581789.0,29723301.0,24374454.0,19276850,10856311.57,0.351456623,0.554602882,0.203146259,17.12Z,4127.7,3.2,6.62,2.33,4.72
602018897,60201889700028,FERRERO FRANCE,57108970.0,54084720.0,56983590.0,59951501.0,68124554.0,72503913.0,59888811,61031457.3,0.120892432,0.158232228,0.037339796,10.82Z,5393.9,5.2,8.1,2.74,5.45
602056749,60205674900321,SAINT LOUIS SUCRE,592037636.0,nan,nan,488959183.0,nan,nan,454599698.7,420240214.3,#DIV/0!,#DIV/0!,#DIV/0!,10.81Z,4632.9,3.9,8.7,2.46,3.82
602056749,60205674900156,SAINT LOUIS SUCRE,592037636.0,nan,nan,488959183.0,nan,nan,454599698.7,420240214.3,#DIV/0!,#DIV/0!,#DIV/0!,10.81Z,4632.9,3.9,8.7,2.46,3.82
602056749,60205674900032,SAINT LOUIS SUCRE,592037636.0,nan,nan,488959183.0,nan,nan,454599698.7,420240214.3,#DIV/0!,#DIV/0!,#DIV/0!,10.81Z,4632.9,3.9,8.7,2.46,3.82
602056749,60205674900115,SAINT LOUIS SUCRE,592037636.0,nan,nan,488959183.0,nan,nan,454599698.7,420240214.3,#DIV/0!,#DIV/0!,#DIV/0!,10.81Z,4612.87,3.8,8.7,2.46,3.82
602056749,60205674900081,SAINT LOUIS SUCRE,592037636.0,nan,nan,488959183.0,nan,nan,454599698.7,420240214.3,#DIV/0!,#DIV/0!,#DIV/0!,10.81Z,4612.87,3.8,8.7,2.46,3.82
602056749,60205674900099,SAINT LOUIS SUCRE,592037636.0,nan,nan,488959183.0,nan,nan,454599698.7,420240214.3,#DIV/0!,#DIV/0!,#DIV/0!,10.81Z,4632.9,3.9,8.7,2.46,3.82
602056749,60205674900123,SAINT LOUIS SUCRE,592037636.0,nan,nan,488959183.0,nan,nan,454599698.7,420240214.3,#DIV/0!,#DIV/0!,#DIV/0!,10.81Z,4632.9,3.9,8.7,2.46,3.82
602056749,60205674900339,SAINT LOUIS SUCRE,592037636.0,nan,nan,488959183.0,nan,nan,454599698.7,420240214.3,#DIV/0!,#DIV/0!,#DIV/0!,10.81Z,4632.9,3.9,8.7,2.46,3.82
602917387,60291738700030,ETABLISSEMENTS CAMBOUR FABRICANT JOAILLIER BIJOUTIER,12267893.0,12681706.0,13067316.0,13005578.0,12419818.0,16125786.0,13405289.5,13665156,-0.079346694,0.152589771,0.231936466,32.12Z,2353.45,1.1,0.57,2.18,0.95
611820564,61182056400049,DS SMITH PACKAGING SUD-OUEST,60101072.0,60753960.0,65313735.0,68654702.0,70828184.0,69730638.0,71261033.5,74283100,-0.006111261,-0.065286395,-0.059175135,17.21A,7414.49,10.0,1.93,7.32,10.0
613620087,61362008700015,SIGMA COMPOSITE,27787820.0,28356778.0,28658179.0,43983687.0,44861263.0,30446047.0,44418866.5,49307766.7,0.009861437,-0.619512927,-0.629374364,28.22Z,3309.36,1.2,6.52,2.21,0.77
615780095,61578009500019,ETABLISSEMENTS THIRARD,41965188.0,43318285.0,nan,41793026.0,41167902.0,41020273.0,41937136.43,41779000.21,-0.018685296,-0.018496396,0.0001889,25.72Z,2324.5,1.5,0.0,2.44,1.48
621720424,62172042400012,DS SMITH PACKAGING CONTOIRE-HAMEL,80215853.0,76575384.0,82338177.0,89330378.0,82848454.0,79022973.0,90391540,93702176.8,-0.091046792,-0.185758688,-0.094711896,17.21A,7414.49,10.0,1.93,7.32,10.0
621750256,62175025600029,SOCIETE DE CONSTRUCTIONS. DE REPARATIONS NAVALES ET DE MECANIQUE,26184246.0,60273703.0,68278029.0,43430281.0,45818055.0,38283289.0,64477172.5,70451415.6,-0.407243771,-0.84026549,-0.433021719,30.11Z,3776.83,2.5,9.8,2.05,0.51
622049815,62204981500054,LA ROMAINVILLE,14310780.0,14471066.0,14921728.0,14762452.0,14966398.0,13317880.0,15067926,15248493.8,-0.00678373,-0.144964048,-0.138180319,10.71A,2187.31,0.2,0.0,9.93,0.48
626480057,62648005700019,DS SMITH PACKAGING DISPLAY AND SERVICES,20648275.0,9479884.0,12266010.0,14602832.0,14618399.0,12696082.0,10411699.5,8876679.2,0.287767457,0.300833186,0.01306573,17.21B,7414.49,10.0,1.93,7.32,10.0
627280266,62728026600016,G.M.A. GENERALE DE MECANIQUE APPLIQUEE,8947232.0,9736566.0,10606583.0,nan,7068249.0,5107912.0,12252486.83,13082162.33,-0.73345433,-1.561156561,-0.827702231,28.29A,10218.77,7.6,10.0,4.5,8.43
645680026,64568002600251,DELPEYRAT,342131200.0,321856410.0,289440340.0,310290176.0,305880933.0,266822390.0,283944746,271150831.8,0.07171479,-0.016222184,-0.087936974,10.13A,8016.39,4.5,10.0,5.38,4.81
645680026,64568002600103,DELPEYRAT,342131200.0,321856410.0,289440340.0,310290176.0,305880933.0,266822390.0,283944746,271150831.8,0.07171479,-0.016222184,-0.087936974,10.13A,8016.39,4.5,10.0,5.38,4.81
645680026,64568002600079,DELPEYRAT,342131200.0,321856410.0,289440340.0,310290176.0,305880933.0,266822390.0,283944746,271150831.8,0.07171479,-0.016222184,-0.087936974,10.13A,8016.39,4.5,10.0,5.38,4.81
665580072,66558007200205,BONDUELLE EUROPE LONG LIFE,730217285.0,732565228.0,730073295.0,728047534.0,795600938.0,789794997.0,727975539,727075420.4,0.084999144,0.079412476,-0.005586668,10.39A,6111.47,0.9,10.0,5.27,1.13
665580072,66558007200197,BONDUELLE EUROPE LONG LIFE,730217285.0,732565228.0,730073295.0,728047534.0,795600938.0,789794997.0,727975539,727075420.4,0.084999144,0.079412476,-0.005586668,10.39A,6111.47,0.9,10.0,5.27,1.13
666980156,66698015600010,SAS GUILLET,120008450.0,115703740.0,116482830.0,112789568.0,nan,98965146.0,111026758,108939002.4,#DIV/0!,-0.100781505,#DIV/0!,10.12Z,4201.65,1.4,9.23,2.74,1.57
672029725,67202972500039,DENTELLE SOPHIE HALLETTE,nan,22107130.0,19811247.0,17740235.0,12676336.0,10456614.0,15519309,13335861.5,-0.224274033,-0.275351801,-0.051077768,13.99Z,3113.79,3.0,3.08,2.34,2.56
706220548,70622054800053,CONSERVES FRANCE,nan,83333395.0,81952972.0,92203057.0,103297254.0,91774319.0,94699470,99134301,0.083233423,-0.080196531,-0.163429953,10.39A,6086.65,0.7,10.0,5.27,1.13
706220548,70622054800046,CONSERVES FRANCE,nan,83333395.0,81952972.0,92203057.0,103297254.0,91774319.0,94699470,99134301,0.083233423,-0.080196531,-0.163429953,10.39A,6111.47,0.9,10.0,5.27,1.13
706250131,70625013100028,HARMONIA MUNDI LIVRE,20502038.0,nan,18191166.0,23117135.0,21690691.0,29274838.0,21961699,22543807.29,-0.012494208,0.229925464,0.242419672,58.11Z,2198.57,0.5,0.0,1.71,0.39
712053412,71205341200037,NGK BERYLCO FRANCE,13271076.0,14224359.0,15676696.0,15156494.0,12081740.0,11485611.0,16359304,17070163.1,-0.354051983,-0.486221595,-0.132169612,24.44Z,6323.44,6.9,9.84,2.22,7.02
716420435,71642043500027,FRAYSSINET,27356000.0,27280000.0,28543776.0,30499000.0,30969000.0,33221465.0,31092888,32162165.6,-0.004000387,0.031885993,0.03588638,20.15Z,7769.38,10.0,7.37,2.2,10.0
716920640,71692064000027,MEGISSERIE JOQUEVIEL & CATHALA,11300000.0,11233000.0,10244121.0,8189545.0,4611771.0,3745805.0,7661605.5,6629581.1,-0.661315252,-0.769868186,-0.108552934,15.11Z,3963.89,1.1,9.76,2.4,0.79
728502444,72850244400025,PALC,39055569.0,44516738.0,46450158.0,45226915.0,47067506.0,55834169.0,48924209.5,50968955.3,-0.039447671,0.087136852,0.126584523,10.89Z,6412.13,7.9,5.26,2.49,9.9
733680409,73368040900014,DEVELOPPEMENT NUTRITION ANIMALE,41728657.0,41938068.0,40644336.0,43791358.0,42245753.0,45488004.0,43249197.5,43738634.6,-0.023752553,0.038457818,0.062210372,10.91Z,3462.87,7.1,0.0,2.28,5.53
737250126,73725012600015,LES VOLAILLES REMI RAMON,60354259.0,59692379.0,62967937.0,66349802.0,9489129.0,80409886.0,67656641,69782859.7,-6.129910553,0.132160694,6.262071247,10.12Z,4201.65,1.4,9.23,2.74,1.57
753504042,75350404200023,PORALU BOIS,4960810.0,4837528.0,4606200.0,5156795.0,5776405.0,5756786.0,4979490,5015152.7,0.137960375,0.128827665,-0.00913271,16.23Z,6453.85,9.2,6.56,2.4,7.52
775545478,77554547800049,CHRIS FRANCE PLASTIQUES,9974329.0,nan,11460583.0,10699900.0,nan,nan,11443027,11756494,#DIV/0!,#DIV/0!,#DIV/0!,22.23Z,3997.65,5.8,5.48,2.46,2.67
775574213,77557421300010,AAF France,46891397.0,45373602.0,39654646.0,38603052.0,30076885.0,40494446.0,34984676.5,31926277.4,-0.16317486,0.211588735,0.374763595,28.25Z,3339.5,5.2,3.01,2.23,2.69
775680499,77568049900149,BAUMER BOURDON HAENNI SAS,15146000.0,14574000.0,8652000.0,13519000.0,12494468.0,14410600.0,10272000,9191700,0.177876161,0.362157023,0.184280862,26.51B,3954.48,5.5,3.06,4.37,2.69
780061289,78006128900028,SNR CEVENNES,42297227.0,47179508.0,52221864.0,50124025.0,44033516.0,31481811.0,55086343.5,57938618.5,-0.251009424,-0.840383912,-0.589374488,28.15Z,5990.34,8.6,10.0,2.43,4.1
785520180,78552018000015,Invicta Group,50554950.0,55710855.0,57120579.0,52278777.0,29349693.0,45661733.0,55561591.5,56219712,-0.893089359,-0.231221601,0.661867758,24.51Z,3308.68,1.3,6.36,2.3,0.5
788182954,78818295400024,AUBRET,nan,71332295.0,141939096.0,139074539.0,156837586.0,153959371.0,185190887.3,219062009.3,-0.180781291,-0.422855965,-0.242074673,10.13A,8056.14,4.6,10.0,5.38,4.81
791278559,79127855900012,SOLEVIAL,71706180.0,68540560.0,70747592.0,79154090.0,78603829.0,82345388.0,78674796,81129872.2,-0.000902844,0.014761189,0.015664033,10.91Z,3356.03,6.4,0.0,2.28,5.53
792716300,79271630000019,ARCHROMA FRANCE SAS,50054200.0,53312948.0,51358951.0,49238500.0,40634002.0,47982566.0,49890875.5,49450765.8,-0.227811021,-0.03059861,0.197212412,20.59Z,4176.5,5.7,6.36,2.28,3.09
792890048,79289004800012,CARDON CONFECTION,3482972.0,3668843.0,3175426.0,2415759.0,3149771.0,3539795.0,2261986,1892480.4,0.281856998,0.465370057,0.183513058,13.92Z,3618.54,0.6,8.54,2.29,0.43
799378781,79937878100022,KRONOSPAN SAS,72534095.0,64136633.0,69893712.0,70746932.0,57641584.0,90731157.0,69426740.5,69466299.5,-0.204455806,0.234372163,0.438827969,16.21Z,4922.42,5.4,10.0,2.33,3.15
799378781,79937878100030,KRONOSPAN SAS,72534095.0,64136633.0,69893712.0,70746932.0,57641584.0,90731157.0,69426740.5,69466299.5,-0.204455806,0.234372163,0.438827969,16.21Z,4922.42,5.4,10.0,2.33,3.15
800761785,80076178500016,SAVIPLAST 52,4828673.0,7345911.0,8014074.0,7429174.0,6084911.0,5871437.0,9021874.5,9868841.1,-0.482663345,-0.680822105,-0.19815876,22.29A,5505.11,6.5,3.84,5.03,5.69
801423096,80142309600024,CONSERVERIES PROVENCALES  CABANON,15820000.0,16904000.0,18629000.0,nan,26154636.0,29856758.0,21331166.67,22735666.67,0.184421199,0.238508526,0.054087327,10.85Z,2490.8,0.8,1.17,2.8,1.08
803744051,80374405100019,GOIOT SYSTEMS,2902964.0,3631829.0,4088321.0,nan,nan,nan,5319073.5,5911752,#DIV/0!,#DIV/0!,#DIV/0!,25.99B,11511.75,10.0,10.0,4.89,7.43
805720778,80572077800036,SENSAS.,33300.0,30589412.0,30395584.0,30902567.0,28544216.0,28757196.0,46083709,55325106.3,-0.614467498,-0.923869987,-0.309402489,10.91Z,3371.29,6.5,0.0,2.28,5.53
815680327,81568032700013,MOULIN JACQUOT,25748970.0,23226170.0,27067590.0,28059974.0,29669330.0,28876473.0,28719284,29796727.2,0.032021148,-0.03186865,-0.063889797,10.91Z,3142.36,5.0,0.0,2.28,5.53
859500290,85950029000019,CONSERVERIE MORBIHANNAISE - DUMENIL ET CIE,nan,23164850.0,64277630.0,61674700.0,66346852.0,65445998.0,88215576.67,107470501.7,-0.329612092,-0.642124881,-0.312512789,10.39A,6099.06,0.8,10.0,5.27,1.13
866801210,86680121000026,FONDERIE ET MECANIQUE GENERALE CASTELBRIANTAISE,58773000.0,nan,70111098.0,76141017.0,70770285.0,57644467.0,81810066,87582220.71,-0.155994582,-0.519351731,-0.363357149,24.51Z,3302.74,1.2,6.36,2.3,0.5
869500223,86950022300019,SOCIETE BERNARD,403510630.0,445296430.0,462159700.0,448685370.0,550432232.0,527560035.0,478009905,493248654,0.131573558,0.06503787,-0.066535688,10.11Z,5789.11,6.3,8.33,2.58,6.05
886350040,88635004000012,ETS MERLE ET CIE,33672907.0,32356793.0,34760537.0,34881513.0,35534755.0,38623290.0,35425328,36028284.2,0.003079436,0.067187591,0.064108155,10.13A,8056.14,4.6,10.0,5.38,4.81
886350040,88635004000012,ETS MERLE ET CIE,33672907.0,32356793.0,34760537.0,34881513.0,nan,38623290.0,35425328,36028284.2,#DIV/0!,0.067187591,#DIV/0!,10.13A,8056.14,4.6,10.0,5.38,4.81
886350040,88635004000012,ETS MERLE ET CIE,nan,nan,nan,34881513.0,35534755.0,38623290.0,#DIV/0!,#DIV/0!,#DIV/0!,#DIV/0!,#DIV/0!,10.13A,8056.14,4.6,10.0,5.38,4.81
886350040,88635004000012,ETS MERLE ET CIE,nan,nan,nan,34881513.0,nan,38623290.0,#DIV/0!,#DIV/0!,#DIV/0!,#DIV/0!,#DIV/0!,10.13A,8056.14,4.6,10.0,5.38,4.81
905720108,90572010800018,Ths BACHE-GABRIELSEN,11018862.0,11572505.0,10303978.0,10898384.0,8596401.0,7145351.0,10540942,10377945.9,-0.226204082,-0.452405333,-0.226201251,11.01Z,2445.34,2.2,0.0,2.36,2.32
946351376,94635137600029,ABTEY CHOCOLATERIE,nan,nan,15421107.0,17563640.0,17103083.0,15308924.0,19706173,21848706,-0.152200045,-0.427187567,-0.274987522,10.82Z,5393.9,5.2,8.1,2.74,5.45
957802416,95780241600058,BONDUELLE TRAITEUR INTERNATIONAL,108390000.0,116969000.0,113456000.0,116566000.0,107107568.0,101135635.0,119099000,121200500,-0.111956907,-0.1983956,-0.086438693,10.39A,6099.06,0.8,10.0,5.27,1.13
957802416,95780241600033,BONDUELLE TRAITEUR INTERNATIONAL,108390000.0,116969000.0,113456000.0,116566000.0,107107568.0,101135635.0,119099000,121200500,-0.111956907,-0.1983956,-0.086438693,10.39A,6111.47,0.9,10.0,5.27,1.13
957802416,95780241600058,BONDUELLE TRAITEUR INTERNATIONAL,nan,nan,nan,116566000.0,107107568.0,101135635.0,#DIV/0!,#DIV/0!,#DIV/0!,#DIV/0!,#DIV/0!,10.39A,6099.06,0.8,10.0,5.27,1.13
957802416,95780241600033,BONDUELLE TRAITEUR INTERNATIONAL,nan,nan,nan,116566000.0,107107568.0,101135635.0,#DIV/0!,#DIV/0!,#DIV/0!,#DIV/0!,#DIV/0!,10.39A,6111.47,0.9,10.0,5.27,1.13
